NAME,SUBSCRIPTION,RESOURCE GROUP,LOCATION,STATUS,OPERATING SYSTEM,SIZE,PUBLIC IP ADDRESS,DISKS,UPDATE STATUS
"AZWPADFSPROXY00","DsiDmz01","rgpadfswap","West Europe","Running","Windows","Standard_B2ms"," -","1","{""text"":""Enable periodic assessment"",""blade"":""UpdateCenterUpdateSettingsBlade"",""extension"":""Microsoft_Azure_Automation"",""parameters"":{""ids"":[""/subscriptions/05509e54-c22d-42ec-ae15-948a48340383/resourcegroups/rgpadfswap/providers/microsoft.compute/virtualmachines/azwpadfsproxy00""],""source"":""VirtualMachines_BrowseResourceBlade""}}"
"AZWPADFSSRV00","DsiTier0","rgpadfs","West Europe","Running","Windows","Standard_D4s_v3"," -","1","{""text"":""Enable periodic assessment"",""blade"":""UpdateCenterUpdateSettingsBlade"",""extension"":""Microsoft_Azure_Automation"",""parameters"":{""ids"":[""/subscriptions/c704e378-20de-426d-af3d-6ef10c3545f0/resourcegroups/rgpadfs/providers/microsoft.compute/virtualmachines/azwpadfssrv00""],""source"":""VirtualMachines_BrowseResourceBlade""}}"
"azwpcmdp00","DsiTier0","core-rg","West Europe","Running","Windows","Standard_D2s_v3"," -","2","{""text"":""Enable periodic assessment"",""blade"":""UpdateCenterUpdateSettingsBlade"",""extension"":""Microsoft_Azure_Automation"",""parameters"":{""ids"":[""/subscriptions/c704e378-20de-426d-af3d-6ef10c3545f0/resourcegroups/core-rg/providers/microsoft.compute/virtualmachines/azwpcmdp00""],""source"":""VirtualMachines_BrowseResourceBlade""}}"
"azwpdcn00","DsiTier0","core-rg","West Europe","Stopped (deallocated)","Windows","Standard_D2S_v3"," -","2","{""text"":""Enable periodic assessment"",""blade"":""UpdateCenterUpdateSettingsBlade"",""extension"":""Microsoft_Azure_Automation"",""parameters"":{""ids"":[""/subscriptions/c704e378-20de-426d-af3d-6ef10c3545f0/resourcegroups/core-rg/providers/microsoft.compute/virtualmachines/azwpdcn00""],""source"":""VirtualMachines_BrowseResourceBlade""}}"
"azwpdcn01","DsiTier0","core-rg","West Europe","Stopped (deallocated)","Windows","Standard_D2S_v3"," -","2","{""text"":""Enable periodic assessment"",""blade"":""UpdateCenterUpdateSettingsBlade"",""extension"":""Microsoft_Azure_Automation"",""parameters"":{""ids"":[""/subscriptions/c704e378-20de-426d-af3d-6ef10c3545f0/resourcegroups/core-rg/providers/microsoft.compute/virtualmachines/azwpdcn01""],""source"":""VirtualMachines_BrowseResourceBlade""}}"
"azwpdcn02","DsiTier0","CORE-RG","West Europe","Stopped (deallocated)","Windows","Standard_D2s_v3"," -","3","{""text"":""Enable periodic assessment"",""blade"":""UpdateCenterUpdateSettingsBlade"",""extension"":""Microsoft_Azure_Automation"",""parameters"":{""ids"":[""/subscriptions/c704e378-20de-426d-af3d-6ef10c3545f0/resourcegroups/core-rg/providers/microsoft.compute/virtualmachines/azwpdcn02""],""source"":""VirtualMachines_BrowseResourceBlade""}}"
"azwpkms00","DsiTier0","core-rg","West Europe","Running","Windows","Standard_D2s_v3"," -","1","{""text"":""Enable periodic assessment"",""blade"":""UpdateCenterUpdateSettingsBlade"",""extension"":""Microsoft_Azure_Automation"",""parameters"":{""ids"":[""/subscriptions/c704e378-20de-426d-af3d-6ef10c3545f0/resourcegroups/core-rg/providers/microsoft.compute/virtualmachines/azwpkms00""],""source"":""VirtualMachines_BrowseResourceBlade""}}"
"FortiADCPRD01","DsiADC01","FORTIADC-RG","West Europe","Running","Linux","Standard_F8s"," -","2","{""text"":""Enable periodic assessment"",""blade"":""UpdateCenterUpdateSettingsBlade"",""extension"":""Microsoft_Azure_Automation"",""parameters"":{""ids"":[""/subscriptions/27968616-adf3-45ac-9277-2750fe1d896f/resourcegroups/fortiadc-rg/providers/microsoft.compute/virtualmachines/fortiadcprd01""],""source"":""VirtualMachines_BrowseResourceBlade""}}"
"FortiADCPRD02","DsiADC01","FORTIADC-RG","West Europe","Running","Linux","Standard_F8s"," -","2","{""text"":""Enable periodic assessment"",""blade"":""UpdateCenterUpdateSettingsBlade"",""extension"":""Microsoft_Azure_Automation"",""parameters"":{""ids"":[""/subscriptions/27968616-adf3-45ac-9277-2750fe1d896f/resourcegroups/fortiadc-rg/providers/microsoft.compute/virtualmachines/fortiadcprd02""],""source"":""VirtualMachines_BrowseResourceBlade""}}"
"fortigateA","DsiTier0","INFRA-NETWORK-RG","West Europe","Running","Linux","Standard_F8s","52.157.233.150","2","{""text"":""Enable periodic assessment"",""blade"":""UpdateCenterUpdateSettingsBlade"",""extension"":""Microsoft_Azure_Automation"",""parameters"":{""ids"":[""/subscriptions/c704e378-20de-426d-af3d-6ef10c3545f0/resourcegroups/infra-network-rg/providers/microsoft.compute/virtualmachines/fortigatea""],""source"":""VirtualMachines_BrowseResourceBlade""}}"
"fortigateB","DsiTier0","INFRA-NETWORK-RG","West Europe","Running","Linux","Standard_F8s","52.157.233.150","2","{""text"":""Enable periodic assessment"",""blade"":""UpdateCenterUpdateSettingsBlade"",""extension"":""Microsoft_Azure_Automation"",""parameters"":{""ids"":[""/subscriptions/c704e378-20de-426d-af3d-6ef10c3545f0/resourcegroups/infra-network-rg/providers/microsoft.compute/virtualmachines/fortigateb""],""source"":""VirtualMachines_BrowseResourceBlade""}}"
"fortigateTest","DsiTier0","FORTIGATETEST-RG","West Europe","Stopped (deallocated)","Linux","Standard_F8s_v2"," -","2","{""text"":""Enable periodic assessment"",""blade"":""UpdateCenterUpdateSettingsBlade"",""extension"":""Microsoft_Azure_Automation"",""parameters"":{""ids"":[""/subscriptions/c704e378-20de-426d-af3d-6ef10c3545f0/resourcegroups/fortigatetest-rg/providers/microsoft.compute/virtualmachines/fortigatetest""],""source"":""VirtualMachines_BrowseResourceBlade""}}"
"fortiweb-0","DsiDmz01","INFRA-NETWORK-RG","West Europe","Running","Linux","Standard_F4s"," -","2","{""text"":""Enable periodic assessment"",""blade"":""UpdateCenterUpdateSettingsBlade"",""extension"":""Microsoft_Azure_Automation"",""parameters"":{""ids"":[""/subscriptions/05509e54-c22d-42ec-ae15-948a48340383/resourcegroups/infra-network-rg/providers/microsoft.compute/virtualmachines/fortiweb-0""],""source"":""VirtualMachines_BrowseResourceBlade""}}"
"fortiweb-1","DsiDmz01","INFRA-NETWORK-RG","West Europe","Running","Linux","Standard_F4s"," -","2","{""text"":""Enable periodic assessment"",""blade"":""UpdateCenterUpdateSettingsBlade"",""extension"":""Microsoft_Azure_Automation"",""parameters"":{""ids"":[""/subscriptions/05509e54-c22d-42ec-ae15-948a48340383/resourcegroups/infra-network-rg/providers/microsoft.compute/virtualmachines/fortiweb-1""],""source"":""VirtualMachines_BrowseResourceBlade""}}"
"fortiweb-acc-dev","DsiTier0","INFRA-NETWORK-RG","West Europe","Running","Linux","Standard_d2s_v3"," -","2","{""text"":""Enable periodic assessment"",""blade"":""UpdateCenterUpdateSettingsBlade"",""extension"":""Microsoft_Azure_Automation"",""parameters"":{""ids"":[""/subscriptions/c704e378-20de-426d-af3d-6ef10c3545f0/resourcegroups/infra-network-rg/providers/microsoft.compute/virtualmachines/fortiweb-acc-dev""],""source"":""VirtualMachines_BrowseResourceBlade""}}"
"lxacepegra01","CspAcc01","RGACEPEGRA","West Europe","Running","Linux","Standard_D2s_v3"," -","1","{""text"":""Enable periodic assessment"",""blade"":""UpdateCenterUpdateSettingsBlade"",""extension"":""Microsoft_Azure_Automation"",""parameters"":{""ids"":[""/subscriptions/9c9cb071-ac7c-45be-8105-4f4eb5f8e672/resourcegroups/rgacepegra/providers/microsoft.compute/virtualmachines/lxacepegra01""],""source"":""VirtualMachines_BrowseResourceBlade""}}"
"lxaceph2n1.azure.forem.be","DsiAcc01","rgaceph","West Europe","Running","Linux","Standard_D2s_v5"," -","2","{""text"":""Enable periodic assessment"",""blade"":""UpdateCenterUpdateSettingsBlade"",""extension"":""Microsoft_Azure_Automation"",""parameters"":{""ids"":[""/subscriptions/cbf821af-139f-472b-bd9f-bd9e7c82395c/resourcegroups/rgaceph/providers/microsoft.compute/virtualmachines/lxaceph2n1.azure.forem.be""],""source"":""VirtualMachines_BrowseResourceBlade""}}"
"lxaceph2n2.azure.forem.be","DsiAcc01","RGACEPH","West Europe","Running","Linux","Standard_D2s_v5"," -","2","{""text"":""Enable periodic assessment"",""blade"":""UpdateCenterUpdateSettingsBlade"",""extension"":""Microsoft_Azure_Automation"",""parameters"":{""ids"":[""/subscriptions/cbf821af-139f-472b-bd9f-bd9e7c82395c/resourcegroups/rgaceph/providers/microsoft.compute/virtualmachines/lxaceph2n2.azure.forem.be""],""source"":""VirtualMachines_BrowseResourceBlade""}}"
"lxaceph2n3.azure.forem.be","DsiAcc01","rgaceph","West Europe","Running","Linux","Standard_D2s_v5"," -","2","{""text"":""Enable periodic assessment"",""blade"":""UpdateCenterUpdateSettingsBlade"",""extension"":""Microsoft_Azure_Automation"",""parameters"":{""ids"":[""/subscriptions/cbf821af-139f-472b-bd9f-bd9e7c82395c/resourcegroups/rgaceph/providers/microsoft.compute/virtualmachines/lxaceph2n3.azure.forem.be""],""source"":""VirtualMachines_BrowseResourceBlade""}}"
"lxaconfluence1.azure.forem.be","CspAcc01","rgaatlassian","West Europe","Running","Linux","Standard_D2s_v5"," -","1","{""text"":""Enable periodic assessment"",""blade"":""UpdateCenterUpdateSettingsBlade"",""extension"":""Microsoft_Azure_Automation"",""parameters"":{""ids"":[""/subscriptions/9c9cb071-ac7c-45be-8105-4f4eb5f8e672/resourcegroups/rgaatlassian/providers/microsoft.compute/virtualmachines/lxaconfluence1.azure.forem.be""],""source"":""VirtualMachines_BrowseResourceBlade""}}"
"lxadocimo1.azure.forem.be","CspAcc01","rgadocimo","West Europe","Running","Linux","Standard_B2s"," -","1","{""text"":""Enable periodic assessment"",""blade"":""UpdateCenterUpdateSettingsBlade"",""extension"":""Microsoft_Azure_Automation"",""parameters"":{""ids"":[""/subscriptions/9c9cb071-ac7c-45be-8105-4f4eb5f8e672/resourcegroups/rgadocimo/providers/microsoft.compute/virtualmachines/lxadocimo1.azure.forem.be""],""source"":""VirtualMachines_BrowseResourceBlade""}}"
"lxafadmariadb1","DsiAcc01","rgamoodlefad","West Europe","Running","Linux","Standard_D2s_v3"," -","1","{""text"":""Enable periodic assessment"",""blade"":""UpdateCenterUpdateSettingsBlade"",""extension"":""Microsoft_Azure_Automation"",""parameters"":{""ids"":[""/subscriptions/cbf821af-139f-472b-bd9f-bd9e7c82395c/resourcegroups/rgamoodlefad/providers/microsoft.compute/virtualmachines/lxafadmariadb1""],""source"":""VirtualMachines_BrowseResourceBlade""}}"
"lxahrapr1","CspAcc01","RGAHR4FPR","West Europe","Running","Linux","Standard_D4ds_v5"," -","2","{""text"":""Enable periodic assessment"",""blade"":""UpdateCenterUpdateSettingsBlade"",""extension"":""Microsoft_Azure_Automation"",""parameters"":{""ids"":[""/subscriptions/9c9cb071-ac7c-45be-8105-4f4eb5f8e672/resourcegroups/rgahr4fpr/providers/microsoft.compute/virtualmachines/lxahrapr1""],""source"":""VirtualMachines_BrowseResourceBlade""}}"
"lxajira1.azure.forem.be","CspAcc01","RGAATLASSIAN","West Europe","Running","Linux","Standard_D2s_v5"," -","1","{""text"":""Enable periodic assessment"",""blade"":""UpdateCenterUpdateSettingsBlade"",""extension"":""Microsoft_Azure_Automation"",""parameters"":{""ids"":[""/subscriptions/9c9cb071-ac7c-45be-8105-4f4eb5f8e672/resourcegroups/rgaatlassian/providers/microsoft.compute/virtualmachines/lxajira1.azure.forem.be""],""source"":""VirtualMachines_BrowseResourceBlade""}}"
"lxajira2.azure.forem.be","CspAcc01","rgaatlassian","West Europe","Running","Linux","Standard_D2s_v5"," -","1","{""text"":""Enable periodic assessment"",""blade"":""UpdateCenterUpdateSettingsBlade"",""extension"":""Microsoft_Azure_Automation"",""parameters"":{""ids"":[""/subscriptions/9c9cb071-ac7c-45be-8105-4f4eb5f8e672/resourcegroups/rgaatlassian/providers/microsoft.compute/virtualmachines/lxajira2.azure.forem.be""],""source"":""VirtualMachines_BrowseResourceBlade""}}"
"lxajirar2.azure.forem.be","CspAcc01","rgaatlassian","West Europe","Stopped (deallocated)","Linux","Standard_D2s_v5"," -","1","{""text"":""Enable periodic assessment"",""blade"":""UpdateCenterUpdateSettingsBlade"",""extension"":""Microsoft_Azure_Automation"",""parameters"":{""ids"":[""/subscriptions/9c9cb071-ac7c-45be-8105-4f4eb5f8e672/resourcegroups/rgaatlassian/providers/microsoft.compute/virtualmachines/lxajirar2.azure.forem.be""],""source"":""VirtualMachines_BrowseResourceBlade""}}"
"lxaldap1.azure.forem.be","DsiAcc01","rgaldap","West Europe","Running","Linux","Standard_D2s_v5"," -","1","{""text"":""Enable periodic assessment"",""blade"":""UpdateCenterUpdateSettingsBlade"",""extension"":""Microsoft_Azure_Automation"",""parameters"":{""ids"":[""/subscriptions/cbf821af-139f-472b-bd9f-bd9e7c82395c/resourcegroups/rgaldap/providers/microsoft.compute/virtualmachines/lxaldap1.azure.forem.be""],""source"":""VirtualMachines_BrowseResourceBlade""}}"
"lxaldap2.azure.forem.be","DsiAcc01","rgaldap","West Europe","Running","Linux","Standard_D2s_v5"," -","1","{""text"":""Enable periodic assessment"",""blade"":""UpdateCenterUpdateSettingsBlade"",""extension"":""Microsoft_Azure_Automation"",""parameters"":{""ids"":[""/subscriptions/cbf821af-139f-472b-bd9f-bd9e7c82395c/resourcegroups/rgaldap/providers/microsoft.compute/virtualmachines/lxaldap2.azure.forem.be""],""source"":""VirtualMachines_BrowseResourceBlade""}}"
"lxalrs1","DsiAcc01","FAD-RG","West Europe","Stopped (deallocated)","Linux","Standard_B2ms"," -","1","{""text"":""Enable periodic assessment"",""blade"":""UpdateCenterUpdateSettingsBlade"",""extension"":""Microsoft_Azure_Automation"",""parameters"":{""ids"":[""/subscriptions/cbf821af-139f-472b-bd9f-bd9e7c82395c/resourcegroups/fad-rg/providers/microsoft.compute/virtualmachines/lxalrs1""],""source"":""VirtualMachines_BrowseResourceBlade""}}"
"lxamonpx1","DsiTier0","MONITORING-RG","West Europe","Running","Linux","Standard_B2ms"," -","1","{""text"":""Enable periodic assessment"",""blade"":""UpdateCenterUpdateSettingsBlade"",""extension"":""Microsoft_Azure_Automation"",""parameters"":{""ids"":[""/subscriptions/c704e378-20de-426d-af3d-6ef10c3545f0/resourcegroups/monitoring-rg/providers/microsoft.compute/virtualmachines/lxamonpx1""],""source"":""VirtualMachines_BrowseResourceBlade""}}"
"lxamoodlefad1.azure.forem.be","DsiAcc01","rgamoodlefad","West Europe","Running","Linux","Standard_D4s_v5"," -","2","{""text"":""Enable periodic assessment"",""blade"":""UpdateCenterUpdateSettingsBlade"",""extension"":""Microsoft_Azure_Automation"",""parameters"":{""ids"":[""/subscriptions/cbf821af-139f-472b-bd9f-bd9e7c82395c/resourcegroups/rgamoodlefad/providers/microsoft.compute/virtualmachines/lxamoodlefad1.azure.forem.be""],""source"":""VirtualMachines_BrowseResourceBlade""}}"
"lxamoodlehd1.azure.forem.be","DsiAcc01","rgamoodlehd","West Europe","Running","Linux","Standard_D2s_v5"," -","1","{""text"":""Enable periodic assessment"",""blade"":""UpdateCenterUpdateSettingsBlade"",""extension"":""Microsoft_Azure_Automation"",""parameters"":{""ids"":[""/subscriptions/cbf821af-139f-472b-bd9f-bd9e7c82395c/resourcegroups/rgamoodlehd/providers/microsoft.compute/virtualmachines/lxamoodlehd1.azure.forem.be""],""source"":""VirtualMachines_BrowseResourceBlade""}}"
"lxamoodlehd2.azure.forem.be","DsiAcc01","rgamoodlehd","West Europe","Running","Linux","Standard_D2s_v5"," -","1","{""text"":""Enable periodic assessment"",""blade"":""UpdateCenterUpdateSettingsBlade"",""extension"":""Microsoft_Azure_Automation"",""parameters"":{""ids"":[""/subscriptions/cbf821af-139f-472b-bd9f-bd9e7c82395c/resourcegroups/rgamoodlehd/providers/microsoft.compute/virtualmachines/lxamoodlehd2.azure.forem.be""],""source"":""VirtualMachines_BrowseResourceBlade""}}"
"lxasmzmariadb1.azure.forem.be","DsiAcc01","RGAMARIADB","West Europe","Running","Linux","Standard_D2s_v5"," -","2","{""text"":""Enable periodic assessment"",""blade"":""UpdateCenterUpdateSettingsBlade"",""extension"":""Microsoft_Azure_Automation"",""parameters"":{""ids"":[""/subscriptions/cbf821af-139f-472b-bd9f-bd9e7c82395c/resourcegroups/rgamariadb/providers/microsoft.compute/virtualmachines/lxasmzmariadb1.azure.forem.be""],""source"":""VirtualMachines_BrowseResourceBlade""}}"
"lxasmzrecovery1.azure.forem.be","DsiAcc01","rgamariadb","West Europe","Running","Linux","Standard_D2s_v5"," -","1","{""text"":""Enable periodic assessment"",""blade"":""UpdateCenterUpdateSettingsBlade"",""extension"":""Microsoft_Azure_Automation"",""parameters"":{""ids"":[""/subscriptions/cbf821af-139f-472b-bd9f-bd9e7c82395c/resourcegroups/rgamariadb/providers/microsoft.compute/virtualmachines/lxasmzrecovery1.azure.forem.be""],""source"":""VirtualMachines_BrowseResourceBlade""}}"
"lxdesb1.azure.forem.be","DsiDev01","RGDESB","West Europe","Running","Linux","Standard_D2s_v5"," -","1","{""text"":""Enable periodic assessment"",""blade"":""UpdateCenterUpdateSettingsBlade"",""extension"":""Microsoft_Azure_Automation"",""parameters"":{""ids"":[""/subscriptions/8d6d19d2-d4f8-4542-9421-d59f4257ccc5/resourcegroups/rgdesb/providers/microsoft.compute/virtualmachines/lxdesb1.azure.forem.be""],""source"":""VirtualMachines_BrowseResourceBlade""}}"
"lxdesb2.azure.forem.be","DsiDev01","RGDESB","West Europe","Running","Linux","Standard_D2s_v5"," -","1","{""text"":""Enable periodic assessment"",""blade"":""UpdateCenterUpdateSettingsBlade"",""extension"":""Microsoft_Azure_Automation"",""parameters"":{""ids"":[""/subscriptions/8d6d19d2-d4f8-4542-9421-d59f4257ccc5/resourcegroups/rgdesb/providers/microsoft.compute/virtualmachines/lxdesb2.azure.forem.be""],""source"":""VirtualMachines_BrowseResourceBlade""}}"
"lxdhrapr1","CspDev01","rgdhr4fpr","West Europe","Running","Linux","Standard_D4ds_v5"," -","2","{""text"":""Enable periodic assessment"",""blade"":""UpdateCenterUpdateSettingsBlade"",""extension"":""Microsoft_Azure_Automation"",""parameters"":{""ids"":[""/subscriptions/f7c221a0-aa12-4c93-a43e-e9bb09d9104b/resourcegroups/rgdhr4fpr/providers/microsoft.compute/virtualmachines/lxdhrapr1""],""source"":""VirtualMachines_BrowseResourceBlade""}}"
"lxdldap1.azure.forem.be","DsiDev01","rgdldap","West Europe","Running","Linux","Standard_D2s_v5"," -","1","{""text"":""Enable periodic assessment"",""blade"":""UpdateCenterUpdateSettingsBlade"",""extension"":""Microsoft_Azure_Automation"",""parameters"":{""ids"":[""/subscriptions/8d6d19d2-d4f8-4542-9421-d59f4257ccc5/resourcegroups/rgdldap/providers/microsoft.compute/virtualmachines/lxdldap1.azure.forem.be""],""source"":""VirtualMachines_BrowseResourceBlade""}}"
"lxdmoodle01","DsiDev01","FAD-RG","West Europe","Stopped (deallocated)","Linux","Standard_D2s_v3"," -","1","{""text"":""Enable periodic assessment"",""blade"":""UpdateCenterUpdateSettingsBlade"",""extension"":""Microsoft_Azure_Automation"",""parameters"":{""ids"":[""/subscriptions/8d6d19d2-d4f8-4542-9421-d59f4257ccc5/resourcegroups/fad-rg/providers/microsoft.compute/virtualmachines/lxdmoodle01""],""source"":""VirtualMachines_BrowseResourceBlade""}}"
"lxdsbxmdlapp4.azure.forem.be","DsiDev01","RGDMOODLE","West Europe","Running","Linux","Standard_D2s_v5"," -","1","{""text"":""Enable periodic assessment"",""blade"":""UpdateCenterUpdateSettingsBlade"",""extension"":""Microsoft_Azure_Automation"",""parameters"":{""ids"":[""/subscriptions/8d6d19d2-d4f8-4542-9421-d59f4257ccc5/resourcegroups/rgdmoodle/providers/microsoft.compute/virtualmachines/lxdsbxmdlapp4.azure.forem.be""],""source"":""VirtualMachines_BrowseResourceBlade""}}"
"lxdsbxmdlapp5.azure.forem.be","DsiDev01","RGDMOODLE","West Europe","Running","Linux","Standard_D2s_v5"," -","1","{""text"":""Enable periodic assessment"",""blade"":""UpdateCenterUpdateSettingsBlade"",""extension"":""Microsoft_Azure_Automation"",""parameters"":{""ids"":[""/subscriptions/8d6d19d2-d4f8-4542-9421-d59f4257ccc5/resourcegroups/rgdmoodle/providers/microsoft.compute/virtualmachines/lxdsbxmdlapp5.azure.forem.be""],""source"":""VirtualMachines_BrowseResourceBlade""}}"
"lxdsbxmdlapp6.azure.forem.be","DsiDev01","RGDMOODLE","West Europe","Running","Linux","Standard_D2s_v5"," -","1","{""text"":""Enable periodic assessment"",""blade"":""UpdateCenterUpdateSettingsBlade"",""extension"":""Microsoft_Azure_Automation"",""parameters"":{""ids"":[""/subscriptions/8d6d19d2-d4f8-4542-9421-d59f4257ccc5/resourcegroups/rgdmoodle/providers/microsoft.compute/virtualmachines/lxdsbxmdlapp6.azure.forem.be""],""source"":""VirtualMachines_BrowseResourceBlade""}}"
"lxdsbxmdldb1","DsiDev01","rgdmoodle","West Europe","Running","Linux","Standard_D2s_v5"," -","1","{""text"":""Enable periodic assessment"",""blade"":""UpdateCenterUpdateSettingsBlade"",""extension"":""Microsoft_Azure_Automation"",""parameters"":{""ids"":[""/subscriptions/8d6d19d2-d4f8-4542-9421-d59f4257ccc5/resourcegroups/rgdmoodle/providers/microsoft.compute/virtualmachines/lxdsbxmdldb1""],""source"":""VirtualMachines_BrowseResourceBlade""}}"
"lxdsmzmariadb1.azure.forem.be","DsiDev01","rgdmariadb","West Europe","Running","Linux","Standard_D2s_v5"," -","2","{""text"":""Enable periodic assessment"",""blade"":""UpdateCenterUpdateSettingsBlade"",""extension"":""Microsoft_Azure_Automation"",""parameters"":{""ids"":[""/subscriptions/8d6d19d2-d4f8-4542-9421-d59f4257ccc5/resourcegroups/rgdmariadb/providers/microsoft.compute/virtualmachines/lxdsmzmariadb1.azure.forem.be""],""source"":""VirtualMachines_BrowseResourceBlade""}}"
"lxpcepegra01","CspProd01","rgpcepegra","West Europe","Running","Linux","Standard_D2s_v3"," -","1","{""text"":""Enable periodic assessment"",""blade"":""UpdateCenterUpdateSettingsBlade"",""extension"":""Microsoft_Azure_Automation"",""parameters"":{""ids"":[""/subscriptions/39b847ee-38c1-4871-97bc-b815e2e56539/resourcegroups/rgpcepegra/providers/microsoft.compute/virtualmachines/lxpcepegra01""],""source"":""VirtualMachines_BrowseResourceBlade""}}"
"lxpconfluence1.azure.forem.be","CspProd01","rgpatlassian","West Europe","Running","Linux","Standard_D2s_v5"," -","1","{""text"":""Enable periodic assessment"",""blade"":""UpdateCenterUpdateSettingsBlade"",""extension"":""Microsoft_Azure_Automation"",""parameters"":{""ids"":[""/subscriptions/39b847ee-38c1-4871-97bc-b815e2e56539/resourcegroups/rgpatlassian/providers/microsoft.compute/virtualmachines/lxpconfluence1.azure.forem.be""],""source"":""VirtualMachines_BrowseResourceBlade""}}"
"lxpdefectdojo1.azure.forem.be","DsiProd01","rgpdefectdojo","West Europe","Running","Linux","Standard_D2s_v5"," -","1","{""text"":""Enable periodic assessment"",""blade"":""UpdateCenterUpdateSettingsBlade"",""extension"":""Microsoft_Azure_Automation"",""parameters"":{""ids"":[""/subscriptions/be5ce746-52ca-483a-9c9b-782111a94978/resourcegroups/rgpdefectdojo/providers/microsoft.compute/virtualmachines/lxpdefectdojo1.azure.forem.be""],""source"":""VirtualMachines_BrowseResourceBlade""}}"
"lxpdependencytrack1.azure.forem.be","CspProd01","RGPOUTILSDDI","West Europe","Running","Linux","Standard_D4s_v5"," -","1","{""text"":""Enable periodic assessment"",""blade"":""UpdateCenterUpdateSettingsBlade"",""extension"":""Microsoft_Azure_Automation"",""parameters"":{""ids"":[""/subscriptions/39b847ee-38c1-4871-97bc-b815e2e56539/resourcegroups/rgpoutilsddi/providers/microsoft.compute/virtualmachines/lxpdependencytrack1.azure.forem.be""],""source"":""VirtualMachines_BrowseResourceBlade""}}"
"lxphrapr1","CspProd01","RGPHR4FPR","West Europe","Running","Linux","Standard_D4ds_v5"," -","2","{""text"":""Enable periodic assessment"",""blade"":""UpdateCenterUpdateSettingsBlade"",""extension"":""Microsoft_Azure_Automation"",""parameters"":{""ids"":[""/subscriptions/39b847ee-38c1-4871-97bc-b815e2e56539/resourcegroups/rgphr4fpr/providers/microsoft.compute/virtualmachines/lxphrapr1""],""source"":""VirtualMachines_BrowseResourceBlade""}}"
"lxpibefehuy1","CspProd01","rgpibefehuy","West Europe","Running","Linux","Standard_B2ms"," -","1","{""text"":""Enable periodic assessment"",""blade"":""UpdateCenterUpdateSettingsBlade"",""extension"":""Microsoft_Azure_Automation"",""parameters"":{""ids"":[""/subscriptions/39b847ee-38c1-4871-97bc-b815e2e56539/resourcegroups/rgpibefehuy/providers/microsoft.compute/virtualmachines/lxpibefehuy1""],""source"":""VirtualMachines_BrowseResourceBlade""}}"
"lxpidm1.redhat.azure.forem.be","DsiTier0","rgplinuxcore","West Europe","Running","Linux","Standard_D4s_v5"," -","1","{""text"":""Enable periodic assessment"",""blade"":""UpdateCenterUpdateSettingsBlade"",""extension"":""Microsoft_Azure_Automation"",""parameters"":{""ids"":[""/subscriptions/c704e378-20de-426d-af3d-6ef10c3545f0/resourcegroups/rgplinuxcore/providers/microsoft.compute/virtualmachines/lxpidm1.redhat.azure.forem.be""],""source"":""VirtualMachines_BrowseResourceBlade""}}"
"lxpidm2.redhat.azure.forem.be","DsiTier0","rgplinuxcore","West Europe","Running","Linux","Standard_D4s_v5"," -","1","{""text"":""Enable periodic assessment"",""blade"":""UpdateCenterUpdateSettingsBlade"",""extension"":""Microsoft_Azure_Automation"",""parameters"":{""ids"":[""/subscriptions/c704e378-20de-426d-af3d-6ef10c3545f0/resourcegroups/rgplinuxcore/providers/microsoft.compute/virtualmachines/lxpidm2.redhat.azure.forem.be""],""source"":""VirtualMachines_BrowseResourceBlade""}}"
"lxpidm3.azure.forem.be","DsiTier0","rgplinuxcore","West Europe","Running","Linux","Standard_B1s"," -","1","{""text"":""Enable periodic assessment"",""blade"":""UpdateCenterUpdateSettingsBlade"",""extension"":""Microsoft_Azure_Automation"",""parameters"":{""ids"":[""/subscriptions/c704e378-20de-426d-af3d-6ef10c3545f0/resourcegroups/rgplinuxcore/providers/microsoft.compute/virtualmachines/lxpidm3.azure.forem.be""],""source"":""VirtualMachines_BrowseResourceBlade""}}"
"lxpjira1.azure.forem.be","CspProd01","RGPATLASSIAN","West Europe","Running","Linux","Standard_D2s_v5"," -","1","{""text"":""Enable periodic assessment"",""blade"":""UpdateCenterUpdateSettingsBlade"",""extension"":""Microsoft_Azure_Automation"",""parameters"":{""ids"":[""/subscriptions/39b847ee-38c1-4871-97bc-b815e2e56539/resourcegroups/rgpatlassian/providers/microsoft.compute/virtualmachines/lxpjira1.azure.forem.be""],""source"":""VirtualMachines_BrowseResourceBlade""}}"
"lxpjira2.azure.forem.be","CspProd01","rgpatlassian","West Europe","Running","Linux","Standard_D2s_v5"," -","1","{""text"":""Enable periodic assessment"",""blade"":""UpdateCenterUpdateSettingsBlade"",""extension"":""Microsoft_Azure_Automation"",""parameters"":{""ids"":[""/subscriptions/39b847ee-38c1-4871-97bc-b815e2e56539/resourcegroups/rgpatlassian/providers/microsoft.compute/virtualmachines/lxpjira2.azure.forem.be""],""source"":""VirtualMachines_BrowseResourceBlade""}}"
"lxpldap1.azure.forem.be","DsiProd01","RGPLDAP","West Europe","Running","Linux","Standard_D2s_v5"," -","1","{""text"":""Enable periodic assessment"",""blade"":""UpdateCenterUpdateSettingsBlade"",""extension"":""Microsoft_Azure_Automation"",""parameters"":{""ids"":[""/subscriptions/be5ce746-52ca-483a-9c9b-782111a94978/resourcegroups/rgpldap/providers/microsoft.compute/virtualmachines/lxpldap1.azure.forem.be""],""source"":""VirtualMachines_BrowseResourceBlade""}}"
"lxpldap2.azure.forem.be","DsiProd01","rgpldap","West Europe","Running","Linux","Standard_D2s_v5"," -","1","{""text"":""Enable periodic assessment"",""blade"":""UpdateCenterUpdateSettingsBlade"",""extension"":""Microsoft_Azure_Automation"",""parameters"":{""ids"":[""/subscriptions/be5ce746-52ca-483a-9c9b-782111a94978/resourcegroups/rgpldap/providers/microsoft.compute/virtualmachines/lxpldap2.azure.forem.be""],""source"":""VirtualMachines_BrowseResourceBlade""}}"
"lxplog1.azure.forem.be","DsiTier0","rgplinuxcore","West Europe","Running","Linux","Standard_D2s_v5"," -","1","{""text"":""Enable periodic assessment"",""blade"":""UpdateCenterUpdateSettingsBlade"",""extension"":""Microsoft_Azure_Automation"",""parameters"":{""ids"":[""/subscriptions/c704e378-20de-426d-af3d-6ef10c3545f0/resourcegroups/rgplinuxcore/providers/microsoft.compute/virtualmachines/lxplog1.azure.forem.be""],""source"":""VirtualMachines_BrowseResourceBlade""}}"
"lxplog2.azure.forem.be","DsiTier0","rgplinuxcore","West Europe","Running","Linux","Standard_D2s_v5"," -","1","{""text"":""Enable periodic assessment"",""blade"":""UpdateCenterUpdateSettingsBlade"",""extension"":""Microsoft_Azure_Automation"",""parameters"":{""ids"":[""/subscriptions/c704e378-20de-426d-af3d-6ef10c3545f0/resourcegroups/rgplinuxcore/providers/microsoft.compute/virtualmachines/lxplog2.azure.forem.be""],""source"":""VirtualMachines_BrowseResourceBlade""}}"
"lxpmariadb1.azure.forem.be","DsiProd01","rgpmariadb","West Europe","Running","Linux","Standard_D2s_v5"," -","1","{""text"":""Enable periodic assessment"",""blade"":""UpdateCenterUpdateSettingsBlade"",""extension"":""Microsoft_Azure_Automation"",""parameters"":{""ids"":[""/subscriptions/be5ce746-52ca-483a-9c9b-782111a94978/resourcegroups/rgpmariadb/providers/microsoft.compute/virtualmachines/lxpmariadb1.azure.forem.be""],""source"":""VirtualMachines_BrowseResourceBlade""}}"
"lxpmodpostgresql1.azure.forem.be","CspProd01","rgpoutilsddi","West Europe","Running","Linux","Standard_D4s_v5"," -","1","{""text"":""Enable periodic assessment"",""blade"":""UpdateCenterUpdateSettingsBlade"",""extension"":""Microsoft_Azure_Automation"",""parameters"":{""ids"":[""/subscriptions/39b847ee-38c1-4871-97bc-b815e2e56539/resourcegroups/rgpoutilsddi/providers/microsoft.compute/virtualmachines/lxpmodpostgresql1.azure.forem.be""],""source"":""VirtualMachines_BrowseResourceBlade""}}"
"lxpmonpx1","DsiTier0","MONITORING-RG","West Europe","Running","Linux","Standard_B2ms"," -","1","{""text"":""Enable periodic assessment"",""blade"":""UpdateCenterUpdateSettingsBlade"",""extension"":""Microsoft_Azure_Automation"",""parameters"":{""ids"":[""/subscriptions/c704e378-20de-426d-af3d-6ef10c3545f0/resourcegroups/monitoring-rg/providers/microsoft.compute/virtualmachines/lxpmonpx1""],""source"":""VirtualMachines_BrowseResourceBlade""}}"
"lxpntp1.azure.forem.be","DsiTier0","rgplinuxcore","West Europe","Running","Linux","Standard_D2s_v5"," -","1","{""text"":""Enable periodic assessment"",""blade"":""UpdateCenterUpdateSettingsBlade"",""extension"":""Microsoft_Azure_Automation"",""parameters"":{""ids"":[""/subscriptions/c704e378-20de-426d-af3d-6ef10c3545f0/resourcegroups/rgplinuxcore/providers/microsoft.compute/virtualmachines/lxpntp1.azure.forem.be""],""source"":""VirtualMachines_BrowseResourceBlade""}}"
"lxpntp2.azure.forem.be","DsiTier0","rgplinuxcore","West Europe","Running","Linux","Standard_D2s_v5"," -","1","{""text"":""Enable periodic assessment"",""blade"":""UpdateCenterUpdateSettingsBlade"",""extension"":""Microsoft_Azure_Automation"",""parameters"":{""ids"":[""/subscriptions/c704e378-20de-426d-af3d-6ef10c3545f0/resourcegroups/rgplinuxcore/providers/microsoft.compute/virtualmachines/lxpntp2.azure.forem.be""],""source"":""VirtualMachines_BrowseResourceBlade""}}"
"lxpptst1.azure.forem.be","DsiDev01","infra-network-rg","West Europe","Running","Linux","Standard_D2s_v5"," -","1","{""text"":""Enable periodic assessment"",""blade"":""UpdateCenterUpdateSettingsBlade"",""extension"":""Microsoft_Azure_Automation"",""parameters"":{""ids"":[""/subscriptions/8d6d19d2-d4f8-4542-9421-d59f4257ccc5/resourcegroups/infra-network-rg/providers/microsoft.compute/virtualmachines/lxpptst1.azure.forem.be""],""source"":""VirtualMachines_BrowseResourceBlade""}}"
"lxpsmtp11","DsiTier0","CENTOS-RG","West Europe","Running","Linux","Standard_B2ms"," -","1","{""text"":""Enable periodic assessment"",""blade"":""UpdateCenterUpdateSettingsBlade"",""extension"":""Microsoft_Azure_Automation"",""parameters"":{""ids"":[""/subscriptions/c704e378-20de-426d-af3d-6ef10c3545f0/resourcegroups/centos-rg/providers/microsoft.compute/virtualmachines/lxpsmtp11""],""source"":""VirtualMachines_BrowseResourceBlade""}}"
"lxpsmtp12","DsiTier0","centos-rg","West Europe","Running","Linux","Standard_B2ms"," -","1","{""text"":""Enable periodic assessment"",""blade"":""UpdateCenterUpdateSettingsBlade"",""extension"":""Microsoft_Azure_Automation"",""parameters"":{""ids"":[""/subscriptions/c704e378-20de-426d-af3d-6ef10c3545f0/resourcegroups/centos-rg/providers/microsoft.compute/virtualmachines/lxpsmtp12""],""source"":""VirtualMachines_BrowseResourceBlade""}}"
"lxpsmtp2.azure.forem.be","DsiTier0","rgplinuxcore","West Europe","Running","Linux","Standard_D2s_v5"," -","1","{""text"":""Enable periodic assessment"",""blade"":""UpdateCenterUpdateSettingsBlade"",""extension"":""Microsoft_Azure_Automation"",""parameters"":{""ids"":[""/subscriptions/c704e378-20de-426d-af3d-6ef10c3545f0/resourcegroups/rgplinuxcore/providers/microsoft.compute/virtualmachines/lxpsmtp2.azure.forem.be""],""source"":""VirtualMachines_BrowseResourceBlade""}}"
"lxpsmzmariadb1.azure.forem.be","DsiProd01","RGPMARIADB","West Europe","Running","Linux","Standard_D8s_v5"," -","2","{""text"":""Enable periodic assessment"",""blade"":""UpdateCenterUpdateSettingsBlade"",""extension"":""Microsoft_Azure_Automation"",""parameters"":{""ids"":[""/subscriptions/be5ce746-52ca-483a-9c9b-782111a94978/resourcegroups/rgpmariadb/providers/microsoft.compute/virtualmachines/lxpsmzmariadb1.azure.forem.be""],""source"":""VirtualMachines_BrowseResourceBlade""}}"
"lxpsonarqube1.azure.forem.be","CspProd01","rgpoutilsddi","West Europe","Running","Linux","Standard_D2s_v5"," -","1","{""text"":""Enable periodic assessment"",""blade"":""UpdateCenterUpdateSettingsBlade"",""extension"":""Microsoft_Azure_Automation"",""parameters"":{""ids"":[""/subscriptions/39b847ee-38c1-4871-97bc-b815e2e56539/resourcegroups/rgpoutilsddi/providers/microsoft.compute/virtualmachines/lxpsonarqube1.azure.forem.be""],""source"":""VirtualMachines_BrowseResourceBlade""}}"
"lxpzceph2n1.dmz.azure.forem.be","DsiDmz01","rgpceph","West Europe","Running","Linux","Standard_D4s_v5"," -","2","{""text"":""Enable periodic assessment"",""blade"":""UpdateCenterUpdateSettingsBlade"",""extension"":""Microsoft_Azure_Automation"",""parameters"":{""ids"":[""/subscriptions/05509e54-c22d-42ec-ae15-948a48340383/resourcegroups/rgpceph/providers/microsoft.compute/virtualmachines/lxpzceph2n1.dmz.azure.forem.be""],""source"":""VirtualMachines_BrowseResourceBlade""}}"
"lxpzceph2n2.dmz.azure.forem.be","DsiDmz01","rgpceph","West Europe","Running","Linux","Standard_D4s_v5"," -","2","{""text"":""Enable periodic assessment"",""blade"":""UpdateCenterUpdateSettingsBlade"",""extension"":""Microsoft_Azure_Automation"",""parameters"":{""ids"":[""/subscriptions/05509e54-c22d-42ec-ae15-948a48340383/resourcegroups/rgpceph/providers/microsoft.compute/virtualmachines/lxpzceph2n2.dmz.azure.forem.be""],""source"":""VirtualMachines_BrowseResourceBlade""}}"
"lxpzceph2n3.dmz.azure.forem.be","DsiDmz01","rgpceph","West Europe","Running","Linux","Standard_D4s_v5"," -","2","{""text"":""Enable periodic assessment"",""blade"":""UpdateCenterUpdateSettingsBlade"",""extension"":""Microsoft_Azure_Automation"",""parameters"":{""ids"":[""/subscriptions/05509e54-c22d-42ec-ae15-948a48340383/resourcegroups/rgpceph/providers/microsoft.compute/virtualmachines/lxpzceph2n3.dmz.azure.forem.be""],""source"":""VirtualMachines_BrowseResourceBlade""}}"
"lxpzdns1a.dmz.azure.forem.be","DsiDmz01","rgplinuxcore","West Europe","Running","Linux","Standard_D2s_v5"," -","1","{""text"":""Enable periodic assessment"",""blade"":""UpdateCenterUpdateSettingsBlade"",""extension"":""Microsoft_Azure_Automation"",""parameters"":{""ids"":[""/subscriptions/05509e54-c22d-42ec-ae15-948a48340383/resourcegroups/rgplinuxcore/providers/microsoft.compute/virtualmachines/lxpzdns1a.dmz.azure.forem.be""],""source"":""VirtualMachines_BrowseResourceBlade""}}"
"lxpzdns1r.dmz.azure.forem.be","DsiDmz01","rgplinuxcore","West Europe","Running","Linux","Standard_D2s_v5"," -","1","{""text"":""Enable periodic assessment"",""blade"":""UpdateCenterUpdateSettingsBlade"",""extension"":""Microsoft_Azure_Automation"",""parameters"":{""ids"":[""/subscriptions/05509e54-c22d-42ec-ae15-948a48340383/resourcegroups/rgplinuxcore/providers/microsoft.compute/virtualmachines/lxpzdns1r.dmz.azure.forem.be""],""source"":""VirtualMachines_BrowseResourceBlade""}}"
"lxpzdns2a.dmz.azure.forem.be","DsiDmz01","rgplinuxcore","West Europe","Running","Linux","Standard_D2s_v5"," -","1","{""text"":""Enable periodic assessment"",""blade"":""UpdateCenterUpdateSettingsBlade"",""extension"":""Microsoft_Azure_Automation"",""parameters"":{""ids"":[""/subscriptions/05509e54-c22d-42ec-ae15-948a48340383/resourcegroups/rgplinuxcore/providers/microsoft.compute/virtualmachines/lxpzdns2a.dmz.azure.forem.be""],""source"":""VirtualMachines_BrowseResourceBlade""}}"
"lxpzdns2r.dmz.azure.forem.be","DsiDmz01","RGPLINUXCORE","West Europe","Running","Linux","Standard_D2s_v5"," -","1","{""text"":""Enable periodic assessment"",""blade"":""UpdateCenterUpdateSettingsBlade"",""extension"":""Microsoft_Azure_Automation"",""parameters"":{""ids"":[""/subscriptions/05509e54-c22d-42ec-ae15-948a48340383/resourcegroups/rgplinuxcore/providers/microsoft.compute/virtualmachines/lxpzdns2r.dmz.azure.forem.be""],""source"":""VirtualMachines_BrowseResourceBlade""}}"
"lxpzfadmariadb1","DsiDmz01","rgpmoodlefad","West Europe","Running","Linux","Standard_F16s_v2"," -","1","{""text"":""Enable periodic assessment"",""blade"":""UpdateCenterUpdateSettingsBlade"",""extension"":""Microsoft_Azure_Automation"",""parameters"":{""ids"":[""/subscriptions/05509e54-c22d-42ec-ae15-948a48340383/resourcegroups/rgpmoodlefad/providers/microsoft.compute/virtualmachines/lxpzfadmariadb1""],""source"":""VirtualMachines_BrowseResourceBlade""}}"
"lxpzmoodlefad1.dmz.azure.forem.be","DsiDmz01","RGPMOODLEFAD","West Europe","Running","Linux","Standard_D4s_v5"," -","2","{""text"":""Enable periodic assessment"",""blade"":""UpdateCenterUpdateSettingsBlade"",""extension"":""Microsoft_Azure_Automation"",""parameters"":{""ids"":[""/subscriptions/05509e54-c22d-42ec-ae15-948a48340383/resourcegroups/rgpmoodlefad/providers/microsoft.compute/virtualmachines/lxpzmoodlefad1.dmz.azure.forem.be""],""source"":""VirtualMachines_BrowseResourceBlade""}}"
"lxpzmoodlehd1.dmz.azure.forem.be","DsiDmz01","rgpmoodlehd","West Europe","Running","Linux","Standard_D2s_v5"," -","1","{""text"":""Enable periodic assessment"",""blade"":""UpdateCenterUpdateSettingsBlade"",""extension"":""Microsoft_Azure_Automation"",""parameters"":{""ids"":[""/subscriptions/05509e54-c22d-42ec-ae15-948a48340383/resourcegroups/rgpmoodlehd/providers/microsoft.compute/virtualmachines/lxpzmoodlehd1.dmz.azure.forem.be""],""source"":""VirtualMachines_BrowseResourceBlade""}}"
"lxpzmoodlehd2.dmz.azure.forem.be","DsiDmz01","RGPMOODLEHD","West Europe","Running","Linux","Standard_D2s_v5"," -","1","{""text"":""Enable periodic assessment"",""blade"":""UpdateCenterUpdateSettingsBlade"",""extension"":""Microsoft_Azure_Automation"",""parameters"":{""ids"":[""/subscriptions/05509e54-c22d-42ec-ae15-948a48340383/resourcegroups/rgpmoodlehd/providers/microsoft.compute/virtualmachines/lxpzmoodlehd2.dmz.azure.forem.be""],""source"":""VirtualMachines_BrowseResourceBlade""}}"
"lxpzntp1.dmz.azure.forem.be","DsiDmz01","RGPLINUXCORE","West Europe","Running","Linux","Standard_D2s_v5"," -","1","{""text"":""Enable periodic assessment"",""blade"":""UpdateCenterUpdateSettingsBlade"",""extension"":""Microsoft_Azure_Automation"",""parameters"":{""ids"":[""/subscriptions/05509e54-c22d-42ec-ae15-948a48340383/resourcegroups/rgplinuxcore/providers/microsoft.compute/virtualmachines/lxpzntp1.dmz.azure.forem.be""],""source"":""VirtualMachines_BrowseResourceBlade""}}"
"lxpzntp2.dmz.azure.forem.be","DsiDmz01","RGPLINUXCORE","West Europe","Running","Linux","Standard_D2s_v5"," -","1","{""text"":""Enable periodic assessment"",""blade"":""UpdateCenterUpdateSettingsBlade"",""extension"":""Microsoft_Azure_Automation"",""parameters"":{""ids"":[""/subscriptions/05509e54-c22d-42ec-ae15-948a48340383/resourcegroups/rgplinuxcore/providers/microsoft.compute/virtualmachines/lxpzntp2.dmz.azure.forem.be""],""source"":""VirtualMachines_BrowseResourceBlade""}}"
"lxpzsmtp11","DsiDmz01","centos-rg","West Europe","Running","Linux","Standard_B2ms"," -","1","{""text"":""Enable periodic assessment"",""blade"":""UpdateCenterUpdateSettingsBlade"",""extension"":""Microsoft_Azure_Automation"",""parameters"":{""ids"":[""/subscriptions/05509e54-c22d-42ec-ae15-948a48340383/resourcegroups/centos-rg/providers/microsoft.compute/virtualmachines/lxpzsmtp11""],""source"":""VirtualMachines_BrowseResourceBlade""}}"
"lxpzsmtp12","DsiDmz01","centos-rg","West Europe","Running","Linux","Standard_B2ms"," -","1","{""text"":""Enable periodic assessment"",""blade"":""UpdateCenterUpdateSettingsBlade"",""extension"":""Microsoft_Azure_Automation"",""parameters"":{""ids"":[""/subscriptions/05509e54-c22d-42ec-ae15-948a48340383/resourcegroups/centos-rg/providers/microsoft.compute/virtualmachines/lxpzsmtp12""],""source"":""VirtualMachines_BrowseResourceBlade""}}"
"lxpzsmtp2.dmz.azure.forem.be","DsiDmz01","rgplinuxcore","West Europe","Running","Linux","Standard_D2s_v5"," -","1","{""text"":""Enable periodic assessment"",""blade"":""UpdateCenterUpdateSettingsBlade"",""extension"":""Microsoft_Azure_Automation"",""parameters"":{""ids"":[""/subscriptions/05509e54-c22d-42ec-ae15-948a48340383/resourcegroups/rgplinuxcore/providers/microsoft.compute/virtualmachines/lxpzsmtp2.dmz.azure.forem.be""],""source"":""VirtualMachines_BrowseResourceBlade""}}"
"lxrsmzmariadb1.azure.forem.be","DsiProd01","rgppcaleforembe","West Europe","Running","Linux","Standard_D2s_v5"," -","1","{""text"":""Enable periodic assessment"",""blade"":""UpdateCenterUpdateSettingsBlade"",""extension"":""Microsoft_Azure_Automation"",""parameters"":{""ids"":[""/subscriptions/be5ce746-52ca-483a-9c9b-782111a94978/resourcegroups/rgppcaleforembe/providers/microsoft.compute/virtualmachines/lxrsmzmariadb1.azure.forem.be""],""source"":""VirtualMachines_BrowseResourceBlade""}}"
"lxrzhttp1.dmz.azure.forem.be","DsiDmz01","RGPPCALEFOREMBE","West Europe","Running","Linux","Standard_D2s_v5"," -","1","{""text"":""Enable periodic assessment"",""blade"":""UpdateCenterUpdateSettingsBlade"",""extension"":""Microsoft_Azure_Automation"",""parameters"":{""ids"":[""/subscriptions/05509e54-c22d-42ec-ae15-948a48340383/resourcegroups/rgppcaleforembe/providers/microsoft.compute/virtualmachines/lxrzhttp1.dmz.azure.forem.be""],""source"":""VirtualMachines_BrowseResourceBlade""}}"
"lxrzhttp2.dmz.azure.forem.be","DsiDmz01","RGPPCALEFOREMBE","West Europe","Running","Linux","Standard_D2s_v5"," -","1","{""text"":""Enable periodic assessment"",""blade"":""UpdateCenterUpdateSettingsBlade"",""extension"":""Microsoft_Azure_Automation"",""parameters"":{""ids"":[""/subscriptions/05509e54-c22d-42ec-ae15-948a48340383/resourcegroups/rgppcaleforembe/providers/microsoft.compute/virtualmachines/lxrzhttp2.dmz.azure.forem.be""],""source"":""VirtualMachines_BrowseResourceBlade""}}"
"lxrzphp1.dmz.azure.forem.be","DsiDmz01","rgppcaleforembe","West Europe","Running","Linux","Standard_D2s_v5"," -","1","{""text"":""Enable periodic assessment"",""blade"":""UpdateCenterUpdateSettingsBlade"",""extension"":""Microsoft_Azure_Automation"",""parameters"":{""ids"":[""/subscriptions/05509e54-c22d-42ec-ae15-948a48340383/resourcegroups/rgppcaleforembe/providers/microsoft.compute/virtualmachines/lxrzphp1.dmz.azure.forem.be""],""source"":""VirtualMachines_BrowseResourceBlade""}}"
"lxrzphp2.dmz.azure.forem.be","DsiDmz01","rgppcaleforembe","West Europe","Running","Linux","Standard_D2s_v5"," -","1","{""text"":""Enable periodic assessment"",""blade"":""UpdateCenterUpdateSettingsBlade"",""extension"":""Microsoft_Azure_Automation"",""parameters"":{""ids"":[""/subscriptions/05509e54-c22d-42ec-ae15-948a48340383/resourcegroups/rgppcaleforembe/providers/microsoft.compute/virtualmachines/lxrzphp2.dmz.azure.forem.be""],""source"":""VirtualMachines_BrowseResourceBlade""}}"
"lxtpsql1.azure.forem.be","DsiDev01","centos-rg","West Europe","Running","Linux","Standard_D2s_v5"," -","1","{""text"":""Enable periodic assessment"",""blade"":""UpdateCenterUpdateSettingsBlade"",""extension"":""Microsoft_Azure_Automation"",""parameters"":{""ids"":[""/subscriptions/8d6d19d2-d4f8-4542-9421-d59f4257ccc5/resourcegroups/centos-rg/providers/microsoft.compute/virtualmachines/lxtpsql1.azure.forem.be""],""source"":""VirtualMachines_BrowseResourceBlade""}}"
"ptstkeepalivetest","DsiTier0","infra-network-rg","West Europe","Stopped","Linux","Standard_F1s"," -","1","{""text"":""Enable periodic assessment"",""blade"":""UpdateCenterUpdateSettingsBlade"",""extension"":""Microsoft_Azure_Automation"",""parameters"":{""ids"":[""/subscriptions/c704e378-20de-426d-af3d-6ef10c3545f0/resourcegroups/infra-network-rg/providers/microsoft.compute/virtualmachines/ptstkeepalivetest""],""source"":""VirtualMachines_BrowseResourceBlade""}}"
"VWABIMATCHED01","CspAcc01","RGABIMATCH","West Europe","Running","Windows","Standard_D8s_v3"," -","2","{""text"":""Enable periodic assessment"",""blade"":""UpdateCenterUpdateSettingsBlade"",""extension"":""Microsoft_Azure_Automation"",""parameters"":{""ids"":[""/subscriptions/9c9cb071-ac7c-45be-8105-4f4eb5f8e672/resourcegroups/rgabimatch/providers/microsoft.compute/virtualmachines/vwabimatched01""],""source"":""VirtualMachines_BrowseResourceBlade""}}"
"VWABIMATCHED02","CspAcc01","RGABIMATCH","West Europe","Running","Windows","Standard_D8s_v3"," -","2","{""text"":""Enable periodic assessment"",""blade"":""UpdateCenterUpdateSettingsBlade"",""extension"":""Microsoft_Azure_Automation"",""parameters"":{""ids"":[""/subscriptions/9c9cb071-ac7c-45be-8105-4f4eb5f8e672/resourcegroups/rgabimatch/providers/microsoft.compute/virtualmachines/vwabimatched02""],""source"":""VirtualMachines_BrowseResourceBlade""}}"
"VWABIMATCHMD01","CspAcc01","rgabimatch","West Europe","Running","Windows","Standard_D4s_v3"," -","2","{""text"":""Enable periodic assessment"",""blade"":""UpdateCenterUpdateSettingsBlade"",""extension"":""Microsoft_Azure_Automation"",""parameters"":{""ids"":[""/subscriptions/9c9cb071-ac7c-45be-8105-4f4eb5f8e672/resourcegroups/rgabimatch/providers/microsoft.compute/virtualmachines/vwabimatchmd01""],""source"":""VirtualMachines_BrowseResourceBlade""}}"
"VWAIRADFAZ01","DsiAcc01","RGABIGDATA","West Europe","Running","Windows","Standard_D2s_v4"," -","2","{""text"":""Enable periodic assessment"",""blade"":""UpdateCenterUpdateSettingsBlade"",""extension"":""Microsoft_Azure_Automation"",""parameters"":{""ids"":[""/subscriptions/cbf821af-139f-472b-bd9f-bd9e7c82395c/resourcegroups/rgabigdata/providers/microsoft.compute/virtualmachines/vwairadfaz01""],""source"":""VirtualMachines_BrowseResourceBlade""}}"
"VWDAWVDSH0","DsiDev01","rgdwvd","West Europe","Stopped (deallocated)","Windows","Standard_D4s_v5"," -","1","{""text"":""Enable periodic assessment"",""blade"":""UpdateCenterUpdateSettingsBlade"",""extension"":""Microsoft_Azure_Automation"",""parameters"":{""ids"":[""/subscriptions/8d6d19d2-d4f8-4542-9421-d59f4257ccc5/resourcegroups/rgdwvd/providers/microsoft.compute/virtualmachines/vwdawvdsh0""],""source"":""VirtualMachines_BrowseResourceBlade""}}"
"VWDAWVDSH1","DsiDev01","rgdwvd","West Europe","Running","Windows","Standard_D4s_v5"," -","1","{""text"":""Enable periodic assessment"",""blade"":""UpdateCenterUpdateSettingsBlade"",""extension"":""Microsoft_Azure_Automation"",""parameters"":{""ids"":[""/subscriptions/8d6d19d2-d4f8-4542-9421-d59f4257ccc5/resourcegroups/rgdwvd/providers/microsoft.compute/virtualmachines/vwdawvdsh1""],""source"":""VirtualMachines_BrowseResourceBlade""}}"
"vwdelisemx00","CspDev01","rgdelise","West Europe","Running","Windows","Standard_D8s_v3"," -","2","{""text"":""Enable periodic assessment"",""blade"":""UpdateCenterUpdateSettingsBlade"",""extension"":""Microsoft_Azure_Automation"",""parameters"":{""ids"":[""/subscriptions/f7c221a0-aa12-4c93-a43e-e9bb09d9104b/resourcegroups/rgdelise/providers/microsoft.compute/virtualmachines/vwdelisemx00""],""source"":""VirtualMachines_BrowseResourceBlade""}}"
"VWDIRADFAZ03","DsiDev01","rgdbigdata","West Europe","Running","Windows","Standard_D2s_v3"," -","2","{""text"":""Enable periodic assessment"",""blade"":""UpdateCenterUpdateSettingsBlade"",""extension"":""Microsoft_Azure_Automation"",""parameters"":{""ids"":[""/subscriptions/8d6d19d2-d4f8-4542-9421-d59f4257ccc5/resourcegroups/rgdbigdata/providers/microsoft.compute/virtualmachines/vwdiradfaz03""],""source"":""VirtualMachines_BrowseResourceBlade""}}"
"VWDWVDSH1","DsiDev01","rgdwvd","West Europe","Running","Windows","Standard_D4s_v5"," -","1","{""text"":""Enable periodic assessment"",""blade"":""UpdateCenterUpdateSettingsBlade"",""extension"":""Microsoft_Azure_Automation"",""parameters"":{""ids"":[""/subscriptions/8d6d19d2-d4f8-4542-9421-d59f4257ccc5/resourcegroups/rgdwvd/providers/microsoft.compute/virtualmachines/vwdwvdsh1""],""source"":""VirtualMachines_BrowseResourceBlade""}}"
"VWDWVDSH2","DsiDev01","rgdwvd","West Europe","Running","Windows","Standard_D4s_v5"," -","1","{""text"":""Enable periodic assessment"",""blade"":""UpdateCenterUpdateSettingsBlade"",""extension"":""Microsoft_Azure_Automation"",""parameters"":{""ids"":[""/subscriptions/8d6d19d2-d4f8-4542-9421-d59f4257ccc5/resourcegroups/rgdwvd/providers/microsoft.compute/virtualmachines/vwdwvdsh2""],""source"":""VirtualMachines_BrowseResourceBlade""}}"
"VWDWVDSH3","DsiDev01","rgdwvd","West Europe","Running","Windows","Standard_D4s_v5"," -","1","{""text"":""Enable periodic assessment"",""blade"":""UpdateCenterUpdateSettingsBlade"",""extension"":""Microsoft_Azure_Automation"",""parameters"":{""ids"":[""/subscriptions/8d6d19d2-d4f8-4542-9421-d59f4257ccc5/resourcegroups/rgdwvd/providers/microsoft.compute/virtualmachines/vwdwvdsh3""],""source"":""VirtualMachines_BrowseResourceBlade""}}"
"VWDWVDSH35","DsiDev01","rgdwvd","West Europe","Running","Windows","Standard_D4s_v5"," -","1","{""text"":""Enable periodic assessment"",""blade"":""UpdateCenterUpdateSettingsBlade"",""extension"":""Microsoft_Azure_Automation"",""parameters"":{""ids"":[""/subscriptions/8d6d19d2-d4f8-4542-9421-d59f4257ccc5/resourcegroups/rgdwvd/providers/microsoft.compute/virtualmachines/vwdwvdsh35""],""source"":""VirtualMachines_BrowseResourceBlade""}}"
"VWDWVDSH4","DsiDev01","rgdwvd","West Europe","Running","Windows","Standard_D4s_v5"," -","1","{""text"":""Enable periodic assessment"",""blade"":""UpdateCenterUpdateSettingsBlade"",""extension"":""Microsoft_Azure_Automation"",""parameters"":{""ids"":[""/subscriptions/8d6d19d2-d4f8-4542-9421-d59f4257ccc5/resourcegroups/rgdwvd/providers/microsoft.compute/virtualmachines/vwdwvdsh4""],""source"":""VirtualMachines_BrowseResourceBlade""}}"
"VWDWVDSH5","DsiDev01","rgdwvd","West Europe","Running","Windows","Standard_D4s_v5"," -","1","{""text"":""Enable periodic assessment"",""blade"":""UpdateCenterUpdateSettingsBlade"",""extension"":""Microsoft_Azure_Automation"",""parameters"":{""ids"":[""/subscriptions/8d6d19d2-d4f8-4542-9421-d59f4257ccc5/resourcegroups/rgdwvd/providers/microsoft.compute/virtualmachines/vwdwvdsh5""],""source"":""VirtualMachines_BrowseResourceBlade""}}"
"VWDWVDSH6","DsiDev01","rgdwvd","West Europe","Running","Windows","Standard_D4s_v5"," -","1","{""text"":""Enable periodic assessment"",""blade"":""UpdateCenterUpdateSettingsBlade"",""extension"":""Microsoft_Azure_Automation"",""parameters"":{""ids"":[""/subscriptions/8d6d19d2-d4f8-4542-9421-d59f4257ccc5/resourcegroups/rgdwvd/providers/microsoft.compute/virtualmachines/vwdwvdsh6""],""source"":""VirtualMachines_BrowseResourceBlade""}}"
"VWPAZDCN00","DsiTier0","rgpdc","West Europe","Running","Windows","Standard_D4s_v5"," -","2","{""text"":""Enable periodic assessment"",""blade"":""UpdateCenterUpdateSettingsBlade"",""extension"":""Microsoft_Azure_Automation"",""parameters"":{""ids"":[""/subscriptions/c704e378-20de-426d-af3d-6ef10c3545f0/resourcegroups/rgpdc/providers/microsoft.compute/virtualmachines/vwpazdcn00""],""source"":""VirtualMachines_BrowseResourceBlade""}}"
"VWPAZDCN01","DsiTier0","rgpdc","West Europe","Running","Windows","Standard_D4s_v5"," -","2","{""text"":""Enable periodic assessment"",""blade"":""UpdateCenterUpdateSettingsBlade"",""extension"":""Microsoft_Azure_Automation"",""parameters"":{""ids"":[""/subscriptions/c704e378-20de-426d-af3d-6ef10c3545f0/resourcegroups/rgpdc/providers/microsoft.compute/virtualmachines/vwpazdcn01""],""source"":""VirtualMachines_BrowseResourceBlade""}}"
"VWPBIMATCHED01","CspProd01","RGPBIMATCH","West Europe","Running","Windows","Standard_D8s_v3"," -","2","{""text"":""Enable periodic assessment"",""blade"":""UpdateCenterUpdateSettingsBlade"",""extension"":""Microsoft_Azure_Automation"",""parameters"":{""ids"":[""/subscriptions/39b847ee-38c1-4871-97bc-b815e2e56539/resourcegroups/rgpbimatch/providers/microsoft.compute/virtualmachines/vwpbimatched01""],""source"":""VirtualMachines_BrowseResourceBlade""}}"
"VWPBIMATCHED02","CspProd01","RGPBIMATCH","West Europe","Running","Windows","Standard_D8s_v3"," -","2","{""text"":""Enable periodic assessment"",""blade"":""UpdateCenterUpdateSettingsBlade"",""extension"":""Microsoft_Azure_Automation"",""parameters"":{""ids"":[""/subscriptions/39b847ee-38c1-4871-97bc-b815e2e56539/resourcegroups/rgpbimatch/providers/microsoft.compute/virtualmachines/vwpbimatched02""],""source"":""VirtualMachines_BrowseResourceBlade""}}"
"VWPBIMATCHMD01","CspProd01","RGPBIMATCH","West Europe","Running","Windows","Standard_D4s_v3"," -","2","{""text"":""Enable periodic assessment"",""blade"":""UpdateCenterUpdateSettingsBlade"",""extension"":""Microsoft_Azure_Automation"",""parameters"":{""ids"":[""/subscriptions/39b847ee-38c1-4871-97bc-b815e2e56539/resourcegroups/rgpbimatch/providers/microsoft.compute/virtualmachines/vwpbimatchmd01""],""source"":""VirtualMachines_BrowseResourceBlade""}}"
"VWPCONMON01","DsiTier0","infra-network-rg","West Europe","Stopped (deallocated)","Windows","Standard_D2s_v3"," -","1","{""text"":""Enable periodic assessment"",""blade"":""UpdateCenterUpdateSettingsBlade"",""extension"":""Microsoft_Azure_Automation"",""parameters"":{""ids"":[""/subscriptions/c704e378-20de-426d-af3d-6ef10c3545f0/resourcegroups/infra-network-rg/providers/microsoft.compute/virtualmachines/vwpconmon01""],""source"":""VirtualMachines_BrowseResourceBlade""}}"
"VWPIRADFAZ01","DsiProd01","RGPBIGDATA","West Europe","Running","Windows","Standard_D2s_v4"," -","2","{""text"":""Enable periodic assessment"",""blade"":""UpdateCenterUpdateSettingsBlade"",""extension"":""Microsoft_Azure_Automation"",""parameters"":{""ids"":[""/subscriptions/be5ce746-52ca-483a-9c9b-782111a94978/resourcegroups/rgpbigdata/providers/microsoft.compute/virtualmachines/vwpiradfaz01""],""source"":""VirtualMachines_BrowseResourceBlade""}}"
"VWPODA","DsiProd01","rgpoda","West Europe","Running","Windows","Standard_D4s_v5"," -","2","{""text"":""Enable periodic assessment"",""blade"":""UpdateCenterUpdateSettingsBlade"",""extension"":""Microsoft_Azure_Automation"",""parameters"":{""ids"":[""/subscriptions/be5ce746-52ca-483a-9c9b-782111a94978/resourcegroups/rgpoda/providers/microsoft.compute/virtualmachines/vwpoda""],""source"":""VirtualMachines_BrowseResourceBlade""}}"
"vwprbworkeraz01","DsiTier0","automation-rg","West Europe","Running","Windows","Standard_D2s_v3"," -","1","{""text"":""Enable periodic assessment"",""blade"":""UpdateCenterUpdateSettingsBlade"",""extension"":""Microsoft_Azure_Automation"",""parameters"":{""ids"":[""/subscriptions/c704e378-20de-426d-af3d-6ef10c3545f0/resourcegroups/automation-rg/providers/microsoft.compute/virtualmachines/vwprbworkeraz01""],""source"":""VirtualMachines_BrowseResourceBlade""}}"
"vwpwvddevops","DsiTier0","rgpwvdimagesstaging","West Europe","Running","Windows","Standard_D2s_v5"," -","2","{""text"":""Enable periodic assessment"",""blade"":""UpdateCenterUpdateSettingsBlade"",""extension"":""Microsoft_Azure_Automation"",""parameters"":{""ids"":[""/subscriptions/c704e378-20de-426d-af3d-6ef10c3545f0/resourcegroups/rgpwvdimagesstaging/providers/microsoft.compute/virtualmachines/vwpwvddevops""],""source"":""VirtualMachines_BrowseResourceBlade""}}"
"VWPWVDSH10","DsiProd01","rgpwvd","West Europe","Running","Windows","Standard_D4s_v5"," -","1","{""text"":""Enable periodic assessment"",""blade"":""UpdateCenterUpdateSettingsBlade"",""extension"":""Microsoft_Azure_Automation"",""parameters"":{""ids"":[""/subscriptions/be5ce746-52ca-483a-9c9b-782111a94978/resourcegroups/rgpwvd/providers/microsoft.compute/virtualmachines/vwpwvdsh10""],""source"":""VirtualMachines_BrowseResourceBlade""}}"
"VWPWVDSH11","DsiProd01","rgpwvd","West Europe","Running","Windows","Standard_D4s_v5"," -","1","{""text"":""Enable periodic assessment"",""blade"":""UpdateCenterUpdateSettingsBlade"",""extension"":""Microsoft_Azure_Automation"",""parameters"":{""ids"":[""/subscriptions/be5ce746-52ca-483a-9c9b-782111a94978/resourcegroups/rgpwvd/providers/microsoft.compute/virtualmachines/vwpwvdsh11""],""source"":""VirtualMachines_BrowseResourceBlade""}}"
"VWPWVDSH12","DsiProd01","rgpwvd","West Europe","Running","Windows","Standard_D4s_v5"," -","1","{""text"":""Enable periodic assessment"",""blade"":""UpdateCenterUpdateSettingsBlade"",""extension"":""Microsoft_Azure_Automation"",""parameters"":{""ids"":[""/subscriptions/be5ce746-52ca-483a-9c9b-782111a94978/resourcegroups/rgpwvd/providers/microsoft.compute/virtualmachines/vwpwvdsh12""],""source"":""VirtualMachines_BrowseResourceBlade""}}"
"VWPWVDSH13","DsiProd01","rgpwvd","West Europe","Running","Windows","Standard_D4s_v5"," -","1","{""text"":""Enable periodic assessment"",""blade"":""UpdateCenterUpdateSettingsBlade"",""extension"":""Microsoft_Azure_Automation"",""parameters"":{""ids"":[""/subscriptions/be5ce746-52ca-483a-9c9b-782111a94978/resourcegroups/rgpwvd/providers/microsoft.compute/virtualmachines/vwpwvdsh13""],""source"":""VirtualMachines_BrowseResourceBlade""}}"
"VWPWVDSH14","DsiProd01","rgpwvd","West Europe","Running","Windows","Standard_D4s_v5"," -","1","{""text"":""Enable periodic assessment"",""blade"":""UpdateCenterUpdateSettingsBlade"",""extension"":""Microsoft_Azure_Automation"",""parameters"":{""ids"":[""/subscriptions/be5ce746-52ca-483a-9c9b-782111a94978/resourcegroups/rgpwvd/providers/microsoft.compute/virtualmachines/vwpwvdsh14""],""source"":""VirtualMachines_BrowseResourceBlade""}}"
"VWPWVDSH15","DsiProd01","rgpwvd","West Europe","Running","Windows","Standard_D4s_v5"," -","1","{""text"":""Enable periodic assessment"",""blade"":""UpdateCenterUpdateSettingsBlade"",""extension"":""Microsoft_Azure_Automation"",""parameters"":{""ids"":[""/subscriptions/be5ce746-52ca-483a-9c9b-782111a94978/resourcegroups/rgpwvd/providers/microsoft.compute/virtualmachines/vwpwvdsh15""],""source"":""VirtualMachines_BrowseResourceBlade""}}"
"VWPWVDSH16","DsiProd01","rgpwvd","West Europe","Running","Windows","Standard_D4s_v5"," -","1","{""text"":""Enable periodic assessment"",""blade"":""UpdateCenterUpdateSettingsBlade"",""extension"":""Microsoft_Azure_Automation"",""parameters"":{""ids"":[""/subscriptions/be5ce746-52ca-483a-9c9b-782111a94978/resourcegroups/rgpwvd/providers/microsoft.compute/virtualmachines/vwpwvdsh16""],""source"":""VirtualMachines_BrowseResourceBlade""}}"
"VWPWVDSH17","DsiProd01","rgpwvd","West Europe","Running","Windows","Standard_D4s_v5"," -","1","{""text"":""Enable periodic assessment"",""blade"":""UpdateCenterUpdateSettingsBlade"",""extension"":""Microsoft_Azure_Automation"",""parameters"":{""ids"":[""/subscriptions/be5ce746-52ca-483a-9c9b-782111a94978/resourcegroups/rgpwvd/providers/microsoft.compute/virtualmachines/vwpwvdsh17""],""source"":""VirtualMachines_BrowseResourceBlade""}}"
"VWPWVDSH18","DsiProd01","rgpwvd","West Europe","Running","Windows","Standard_D4s_v5"," -","1","{""text"":""Enable periodic assessment"",""blade"":""UpdateCenterUpdateSettingsBlade"",""extension"":""Microsoft_Azure_Automation"",""parameters"":{""ids"":[""/subscriptions/be5ce746-52ca-483a-9c9b-782111a94978/resourcegroups/rgpwvd/providers/microsoft.compute/virtualmachines/vwpwvdsh18""],""source"":""VirtualMachines_BrowseResourceBlade""}}"
"VWPWVDSH19","DsiProd01","rgpwvd","West Europe","Running","Windows","Standard_D4s_v5"," -","1","{""text"":""Enable periodic assessment"",""blade"":""UpdateCenterUpdateSettingsBlade"",""extension"":""Microsoft_Azure_Automation"",""parameters"":{""ids"":[""/subscriptions/be5ce746-52ca-483a-9c9b-782111a94978/resourcegroups/rgpwvd/providers/microsoft.compute/virtualmachines/vwpwvdsh19""],""source"":""VirtualMachines_BrowseResourceBlade""}}"
"VWPWVDSH20","DsiProd01","rgpwvd","West Europe","Running","Windows","Standard_D4s_v5"," -","1","{""text"":""Enable periodic assessment"",""blade"":""UpdateCenterUpdateSettingsBlade"",""extension"":""Microsoft_Azure_Automation"",""parameters"":{""ids"":[""/subscriptions/be5ce746-52ca-483a-9c9b-782111a94978/resourcegroups/rgpwvd/providers/microsoft.compute/virtualmachines/vwpwvdsh20""],""source"":""VirtualMachines_BrowseResourceBlade""}}"
"VWPWVDSH21","DsiProd01","rgpwvd","West Europe","Running","Windows","Standard_D4s_v5"," -","1","{""text"":""Enable periodic assessment"",""blade"":""UpdateCenterUpdateSettingsBlade"",""extension"":""Microsoft_Azure_Automation"",""parameters"":{""ids"":[""/subscriptions/be5ce746-52ca-483a-9c9b-782111a94978/resourcegroups/rgpwvd/providers/microsoft.compute/virtualmachines/vwpwvdsh21""],""source"":""VirtualMachines_BrowseResourceBlade""}}"
"VWPWVDSH22","DsiProd01","rgpwvd","West Europe","Running","Windows","Standard_D4s_v5"," -","1","{""text"":""Enable periodic assessment"",""blade"":""UpdateCenterUpdateSettingsBlade"",""extension"":""Microsoft_Azure_Automation"",""parameters"":{""ids"":[""/subscriptions/be5ce746-52ca-483a-9c9b-782111a94978/resourcegroups/rgpwvd/providers/microsoft.compute/virtualmachines/vwpwvdsh22""],""source"":""VirtualMachines_BrowseResourceBlade""}}"
"VWPWVDSH23","DsiProd01","rgpwvd","West Europe","Running","Windows","Standard_D4s_v5"," -","1","{""text"":""Enable periodic assessment"",""blade"":""UpdateCenterUpdateSettingsBlade"",""extension"":""Microsoft_Azure_Automation"",""parameters"":{""ids"":[""/subscriptions/be5ce746-52ca-483a-9c9b-782111a94978/resourcegroups/rgpwvd/providers/microsoft.compute/virtualmachines/vwpwvdsh23""],""source"":""VirtualMachines_BrowseResourceBlade""}}"
"VWPWVDSH24","DsiProd01","rgpwvd","West Europe","Running","Windows","Standard_D4s_v5"," -","1","{""text"":""Enable periodic assessment"",""blade"":""UpdateCenterUpdateSettingsBlade"",""extension"":""Microsoft_Azure_Automation"",""parameters"":{""ids"":[""/subscriptions/be5ce746-52ca-483a-9c9b-782111a94978/resourcegroups/rgpwvd/providers/microsoft.compute/virtualmachines/vwpwvdsh24""],""source"":""VirtualMachines_BrowseResourceBlade""}}"
"VWPWVDSH25","DsiProd01","rgpwvd","West Europe","Running","Windows","Standard_D4s_v5"," -","1","{""text"":""Enable periodic assessment"",""blade"":""UpdateCenterUpdateSettingsBlade"",""extension"":""Microsoft_Azure_Automation"",""parameters"":{""ids"":[""/subscriptions/be5ce746-52ca-483a-9c9b-782111a94978/resourcegroups/rgpwvd/providers/microsoft.compute/virtualmachines/vwpwvdsh25""],""source"":""VirtualMachines_BrowseResourceBlade""}}"
"VWPWVDSH26","DsiProd01","rgpwvd","West Europe","Running","Windows","Standard_D4s_v5"," -","1","{""text"":""Enable periodic assessment"",""blade"":""UpdateCenterUpdateSettingsBlade"",""extension"":""Microsoft_Azure_Automation"",""parameters"":{""ids"":[""/subscriptions/be5ce746-52ca-483a-9c9b-782111a94978/resourcegroups/rgpwvd/providers/microsoft.compute/virtualmachines/vwpwvdsh26""],""source"":""VirtualMachines_BrowseResourceBlade""}}"
"VWPWVDSH27","DsiProd01","rgpwvd","West Europe","Running","Windows","Standard_D4s_v5"," -","1","{""text"":""Enable periodic assessment"",""blade"":""UpdateCenterUpdateSettingsBlade"",""extension"":""Microsoft_Azure_Automation"",""parameters"":{""ids"":[""/subscriptions/be5ce746-52ca-483a-9c9b-782111a94978/resourcegroups/rgpwvd/providers/microsoft.compute/virtualmachines/vwpwvdsh27""],""source"":""VirtualMachines_BrowseResourceBlade""}}"
"VWPWVDSH28","DsiProd01","rgpwvd","West Europe","Running","Windows","Standard_D4s_v5"," -","1","{""text"":""Enable periodic assessment"",""blade"":""UpdateCenterUpdateSettingsBlade"",""extension"":""Microsoft_Azure_Automation"",""parameters"":{""ids"":[""/subscriptions/be5ce746-52ca-483a-9c9b-782111a94978/resourcegroups/rgpwvd/providers/microsoft.compute/virtualmachines/vwpwvdsh28""],""source"":""VirtualMachines_BrowseResourceBlade""}}"
"VWPWVDSH29","DsiProd01","RGPWVD","West Europe","Running","Windows","Standard_D4s_v5"," -","1","{""text"":""Enable periodic assessment"",""blade"":""UpdateCenterUpdateSettingsBlade"",""extension"":""Microsoft_Azure_Automation"",""parameters"":{""ids"":[""/subscriptions/be5ce746-52ca-483a-9c9b-782111a94978/resourcegroups/rgpwvd/providers/microsoft.compute/virtualmachines/vwpwvdsh29""],""source"":""VirtualMachines_BrowseResourceBlade""}}"
"VWPWVDSH30","DsiProd01","rgpwvd","West Europe","Running","Windows","Standard_D4s_v5"," -","1","{""text"":""Enable periodic assessment"",""blade"":""UpdateCenterUpdateSettingsBlade"",""extension"":""Microsoft_Azure_Automation"",""parameters"":{""ids"":[""/subscriptions/be5ce746-52ca-483a-9c9b-782111a94978/resourcegroups/rgpwvd/providers/microsoft.compute/virtualmachines/vwpwvdsh30""],""source"":""VirtualMachines_BrowseResourceBlade""}}"
"VWPWVDSH31","DsiProd01","rgpwvd","West Europe","Running","Windows","Standard_D4s_v5"," -","1","{""text"":""Enable periodic assessment"",""blade"":""UpdateCenterUpdateSettingsBlade"",""extension"":""Microsoft_Azure_Automation"",""parameters"":{""ids"":[""/subscriptions/be5ce746-52ca-483a-9c9b-782111a94978/resourcegroups/rgpwvd/providers/microsoft.compute/virtualmachines/vwpwvdsh31""],""source"":""VirtualMachines_BrowseResourceBlade""}}"
"VWPWVDSH32","DsiProd01","rgpwvd","West Europe","Running","Windows","Standard_D4s_v5"," -","1","{""text"":""Enable periodic assessment"",""blade"":""UpdateCenterUpdateSettingsBlade"",""extension"":""Microsoft_Azure_Automation"",""parameters"":{""ids"":[""/subscriptions/be5ce746-52ca-483a-9c9b-782111a94978/resourcegroups/rgpwvd/providers/microsoft.compute/virtualmachines/vwpwvdsh32""],""source"":""VirtualMachines_BrowseResourceBlade""}}"
"VWPWVDSH33","DsiProd01","rgpwvd","West Europe","Running","Windows","Standard_D4s_v5"," -","1","{""text"":""Enable periodic assessment"",""blade"":""UpdateCenterUpdateSettingsBlade"",""extension"":""Microsoft_Azure_Automation"",""parameters"":{""ids"":[""/subscriptions/be5ce746-52ca-483a-9c9b-782111a94978/resourcegroups/rgpwvd/providers/microsoft.compute/virtualmachines/vwpwvdsh33""],""source"":""VirtualMachines_BrowseResourceBlade""}}"
"VWPWVDSH34","DsiProd01","rgpwvd","West Europe","Running","Windows","Standard_D4s_v5"," -","1","{""text"":""Enable periodic assessment"",""blade"":""UpdateCenterUpdateSettingsBlade"",""extension"":""Microsoft_Azure_Automation"",""parameters"":{""ids"":[""/subscriptions/be5ce746-52ca-483a-9c9b-782111a94978/resourcegroups/rgpwvd/providers/microsoft.compute/virtualmachines/vwpwvdsh34""],""source"":""VirtualMachines_BrowseResourceBlade""}}"
"VWPWVDSH35","DsiProd01","rgpwvd","West Europe","Running","Windows","Standard_D4s_v5"," -","1","{""text"":""Enable periodic assessment"",""blade"":""UpdateCenterUpdateSettingsBlade"",""extension"":""Microsoft_Azure_Automation"",""parameters"":{""ids"":[""/subscriptions/be5ce746-52ca-483a-9c9b-782111a94978/resourcegroups/rgpwvd/providers/microsoft.compute/virtualmachines/vwpwvdsh35""],""source"":""VirtualMachines_BrowseResourceBlade""}}"
"VWPWVDSH36","DsiProd01","rgpwvd","West Europe","Running","Windows","Standard_D4s_v5"," -","1","{""text"":""Enable periodic assessment"",""blade"":""UpdateCenterUpdateSettingsBlade"",""extension"":""Microsoft_Azure_Automation"",""parameters"":{""ids"":[""/subscriptions/be5ce746-52ca-483a-9c9b-782111a94978/resourcegroups/rgpwvd/providers/microsoft.compute/virtualmachines/vwpwvdsh36""],""source"":""VirtualMachines_BrowseResourceBlade""}}"
"VWPWVDSH37","DsiProd01","rgpwvd","West Europe","Running","Windows","Standard_D4s_v5"," -","1","{""text"":""Enable periodic assessment"",""blade"":""UpdateCenterUpdateSettingsBlade"",""extension"":""Microsoft_Azure_Automation"",""parameters"":{""ids"":[""/subscriptions/be5ce746-52ca-483a-9c9b-782111a94978/resourcegroups/rgpwvd/providers/microsoft.compute/virtualmachines/vwpwvdsh37""],""source"":""VirtualMachines_BrowseResourceBlade""}}"
"VWPWVDSH38","DsiProd01","rgpwvd","West Europe","Running","Windows","Standard_D4s_v5"," -","1","{""text"":""Enable periodic assessment"",""blade"":""UpdateCenterUpdateSettingsBlade"",""extension"":""Microsoft_Azure_Automation"",""parameters"":{""ids"":[""/subscriptions/be5ce746-52ca-483a-9c9b-782111a94978/resourcegroups/rgpwvd/providers/microsoft.compute/virtualmachines/vwpwvdsh38""],""source"":""VirtualMachines_BrowseResourceBlade""}}"
"VWPWVDSH39","DsiProd01","rgpwvd","West Europe","Running","Windows","Standard_D4s_v5"," -","1","{""text"":""Enable periodic assessment"",""blade"":""UpdateCenterUpdateSettingsBlade"",""extension"":""Microsoft_Azure_Automation"",""parameters"":{""ids"":[""/subscriptions/be5ce746-52ca-483a-9c9b-782111a94978/resourcegroups/rgpwvd/providers/microsoft.compute/virtualmachines/vwpwvdsh39""],""source"":""VirtualMachines_BrowseResourceBlade""}}"
"VWPWVDSH40","DsiProd01","rgpwvd","West Europe","Running","Windows","Standard_D4s_v5"," -","1","{""text"":""Enable periodic assessment"",""blade"":""UpdateCenterUpdateSettingsBlade"",""extension"":""Microsoft_Azure_Automation"",""parameters"":{""ids"":[""/subscriptions/be5ce746-52ca-483a-9c9b-782111a94978/resourcegroups/rgpwvd/providers/microsoft.compute/virtualmachines/vwpwvdsh40""],""source"":""VirtualMachines_BrowseResourceBlade""}}"
"VWPWVDSH41","DsiProd01","rgpwvd","West Europe","Running","Windows","Standard_D4s_v5"," -","1","{""text"":""Enable periodic assessment"",""blade"":""UpdateCenterUpdateSettingsBlade"",""extension"":""Microsoft_Azure_Automation"",""parameters"":{""ids"":[""/subscriptions/be5ce746-52ca-483a-9c9b-782111a94978/resourcegroups/rgpwvd/providers/microsoft.compute/virtualmachines/vwpwvdsh41""],""source"":""VirtualMachines_BrowseResourceBlade""}}"
"VWPWVDSH42","DsiProd01","RGPWVD","West Europe","Running","Windows","Standard_D4s_v5"," -","1","{""text"":""Enable periodic assessment"",""blade"":""UpdateCenterUpdateSettingsBlade"",""extension"":""Microsoft_Azure_Automation"",""parameters"":{""ids"":[""/subscriptions/be5ce746-52ca-483a-9c9b-782111a94978/resourcegroups/rgpwvd/providers/microsoft.compute/virtualmachines/vwpwvdsh42""],""source"":""VirtualMachines_BrowseResourceBlade""}}"
"VWPWVDSH43","DsiProd01","rgpwvd","West Europe","Running","Windows","Standard_D4s_v5"," -","1","{""text"":""Enable periodic assessment"",""blade"":""UpdateCenterUpdateSettingsBlade"",""extension"":""Microsoft_Azure_Automation"",""parameters"":{""ids"":[""/subscriptions/be5ce746-52ca-483a-9c9b-782111a94978/resourcegroups/rgpwvd/providers/microsoft.compute/virtualmachines/vwpwvdsh43""],""source"":""VirtualMachines_BrowseResourceBlade""}}"
"VWPWVDSH44","DsiProd01","rgpwvd","West Europe","Running","Windows","Standard_D4s_v5"," -","1","{""text"":""Enable periodic assessment"",""blade"":""UpdateCenterUpdateSettingsBlade"",""extension"":""Microsoft_Azure_Automation"",""parameters"":{""ids"":[""/subscriptions/be5ce746-52ca-483a-9c9b-782111a94978/resourcegroups/rgpwvd/providers/microsoft.compute/virtualmachines/vwpwvdsh44""],""source"":""VirtualMachines_BrowseResourceBlade""}}"
"VWPWVDSH45","DsiProd01","rgpwvd","West Europe","Running","Windows","Standard_D4s_v5"," -","1","{""text"":""Enable periodic assessment"",""blade"":""UpdateCenterUpdateSettingsBlade"",""extension"":""Microsoft_Azure_Automation"",""parameters"":{""ids"":[""/subscriptions/be5ce746-52ca-483a-9c9b-782111a94978/resourcegroups/rgpwvd/providers/microsoft.compute/virtualmachines/vwpwvdsh45""],""source"":""VirtualMachines_BrowseResourceBlade""}}"
"VWPWVDSH46","DsiProd01","RGPWVD","West Europe","Running","Windows","Standard_D4s_v5"," -","1","{""text"":""Enable periodic assessment"",""blade"":""UpdateCenterUpdateSettingsBlade"",""extension"":""Microsoft_Azure_Automation"",""parameters"":{""ids"":[""/subscriptions/be5ce746-52ca-483a-9c9b-782111a94978/resourcegroups/rgpwvd/providers/microsoft.compute/virtualmachines/vwpwvdsh46""],""source"":""VirtualMachines_BrowseResourceBlade""}}"
"VWPWVDSH47","DsiProd01","rgpwvd","West Europe","Running","Windows","Standard_D4s_v5"," -","1","{""text"":""Enable periodic assessment"",""blade"":""UpdateCenterUpdateSettingsBlade"",""extension"":""Microsoft_Azure_Automation"",""parameters"":{""ids"":[""/subscriptions/be5ce746-52ca-483a-9c9b-782111a94978/resourcegroups/rgpwvd/providers/microsoft.compute/virtualmachines/vwpwvdsh47""],""source"":""VirtualMachines_BrowseResourceBlade""}}"
"VWPWVDSH48","DsiProd01","RGPWVD","West Europe","Running","Windows","Standard_D4s_v5"," -","1","{""text"":""Enable periodic assessment"",""blade"":""UpdateCenterUpdateSettingsBlade"",""extension"":""Microsoft_Azure_Automation"",""parameters"":{""ids"":[""/subscriptions/be5ce746-52ca-483a-9c9b-782111a94978/resourcegroups/rgpwvd/providers/microsoft.compute/virtualmachines/vwpwvdsh48""],""source"":""VirtualMachines_BrowseResourceBlade""}}"
"VWPWVDSH49","DsiProd01","rgpwvd","West Europe","Running","Windows","Standard_D4s_v5"," -","1","{""text"":""Enable periodic assessment"",""blade"":""UpdateCenterUpdateSettingsBlade"",""extension"":""Microsoft_Azure_Automation"",""parameters"":{""ids"":[""/subscriptions/be5ce746-52ca-483a-9c9b-782111a94978/resourcegroups/rgpwvd/providers/microsoft.compute/virtualmachines/vwpwvdsh49""],""source"":""VirtualMachines_BrowseResourceBlade""}}"
"VWPWVDSH50","DsiProd01","RGPWVD","West Europe","Running","Windows","Standard_D4s_v5"," -","1","{""text"":""Enable periodic assessment"",""blade"":""UpdateCenterUpdateSettingsBlade"",""extension"":""Microsoft_Azure_Automation"",""parameters"":{""ids"":[""/subscriptions/be5ce746-52ca-483a-9c9b-782111a94978/resourcegroups/rgpwvd/providers/microsoft.compute/virtualmachines/vwpwvdsh50""],""source"":""VirtualMachines_BrowseResourceBlade""}}"
"VWPWVDSH51","DsiProd01","rgpwvd","West Europe","Running","Windows","Standard_D4s_v5"," -","1","{""text"":""Enable periodic assessment"",""blade"":""UpdateCenterUpdateSettingsBlade"",""extension"":""Microsoft_Azure_Automation"",""parameters"":{""ids"":[""/subscriptions/be5ce746-52ca-483a-9c9b-782111a94978/resourcegroups/rgpwvd/providers/microsoft.compute/virtualmachines/vwpwvdsh51""],""source"":""VirtualMachines_BrowseResourceBlade""}}"
"VWPWVDSH52","DsiProd01","rgpwvd","West Europe","Running","Windows","Standard_D4s_v5"," -","1","{""text"":""Enable periodic assessment"",""blade"":""UpdateCenterUpdateSettingsBlade"",""extension"":""Microsoft_Azure_Automation"",""parameters"":{""ids"":[""/subscriptions/be5ce746-52ca-483a-9c9b-782111a94978/resourcegroups/rgpwvd/providers/microsoft.compute/virtualmachines/vwpwvdsh52""],""source"":""VirtualMachines_BrowseResourceBlade""}}"
"VWPWVDSH53","DsiProd01","RGPWVD","West Europe","Running","Windows","Standard_D4s_v5"," -","1","{""text"":""Enable periodic assessment"",""blade"":""UpdateCenterUpdateSettingsBlade"",""extension"":""Microsoft_Azure_Automation"",""parameters"":{""ids"":[""/subscriptions/be5ce746-52ca-483a-9c9b-782111a94978/resourcegroups/rgpwvd/providers/microsoft.compute/virtualmachines/vwpwvdsh53""],""source"":""VirtualMachines_BrowseResourceBlade""}}"
"VWPWVDSH54","DsiProd01","rgpwvd","West Europe","Running","Windows","Standard_D4s_v5"," -","1","{""text"":""Enable periodic assessment"",""blade"":""UpdateCenterUpdateSettingsBlade"",""extension"":""Microsoft_Azure_Automation"",""parameters"":{""ids"":[""/subscriptions/be5ce746-52ca-483a-9c9b-782111a94978/resourcegroups/rgpwvd/providers/microsoft.compute/virtualmachines/vwpwvdsh54""],""source"":""VirtualMachines_BrowseResourceBlade""}}"
"VWPWVDSH55","DsiProd01","rgpwvd","West Europe","Running","Windows","Standard_D4s_v5"," -","1","{""text"":""Enable periodic assessment"",""blade"":""UpdateCenterUpdateSettingsBlade"",""extension"":""Microsoft_Azure_Automation"",""parameters"":{""ids"":[""/subscriptions/be5ce746-52ca-483a-9c9b-782111a94978/resourcegroups/rgpwvd/providers/microsoft.compute/virtualmachines/vwpwvdsh55""],""source"":""VirtualMachines_BrowseResourceBlade""}}"
"VWPWVDSH56","DsiProd01","rgpwvd","West Europe","Running","Windows","Standard_D4s_v5"," -","1","{""text"":""Enable periodic assessment"",""blade"":""UpdateCenterUpdateSettingsBlade"",""extension"":""Microsoft_Azure_Automation"",""parameters"":{""ids"":[""/subscriptions/be5ce746-52ca-483a-9c9b-782111a94978/resourcegroups/rgpwvd/providers/microsoft.compute/virtualmachines/vwpwvdsh56""],""source"":""VirtualMachines_BrowseResourceBlade""}}"
"VWPWVDSH57","DsiProd01","rgpwvd","West Europe","Running","Windows","Standard_D4s_v5"," -","1","{""text"":""Enable periodic assessment"",""blade"":""UpdateCenterUpdateSettingsBlade"",""extension"":""Microsoft_Azure_Automation"",""parameters"":{""ids"":[""/subscriptions/be5ce746-52ca-483a-9c9b-782111a94978/resourcegroups/rgpwvd/providers/microsoft.compute/virtualmachines/vwpwvdsh57""],""source"":""VirtualMachines_BrowseResourceBlade""}}"
"VWPWVDSH58","DsiProd01","rgpwvd","West Europe","Running","Windows","Standard_D4s_v5"," -","1","{""text"":""Enable periodic assessment"",""blade"":""UpdateCenterUpdateSettingsBlade"",""extension"":""Microsoft_Azure_Automation"",""parameters"":{""ids"":[""/subscriptions/be5ce746-52ca-483a-9c9b-782111a94978/resourcegroups/rgpwvd/providers/microsoft.compute/virtualmachines/vwpwvdsh58""],""source"":""VirtualMachines_BrowseResourceBlade""}}"
"VWPWVDSH59","DsiProd01","rgpwvd","West Europe","Running","Windows","Standard_D4s_v5"," -","1","{""text"":""Enable periodic assessment"",""blade"":""UpdateCenterUpdateSettingsBlade"",""extension"":""Microsoft_Azure_Automation"",""parameters"":{""ids"":[""/subscriptions/be5ce746-52ca-483a-9c9b-782111a94978/resourcegroups/rgpwvd/providers/microsoft.compute/virtualmachines/vwpwvdsh59""],""source"":""VirtualMachines_BrowseResourceBlade""}}"
"VWPWVDSH60","DsiProd01","rgpwvd","West Europe","Running","Windows","Standard_D4s_v5"," -","1","{""text"":""Enable periodic assessment"",""blade"":""UpdateCenterUpdateSettingsBlade"",""extension"":""Microsoft_Azure_Automation"",""parameters"":{""ids"":[""/subscriptions/be5ce746-52ca-483a-9c9b-782111a94978/resourcegroups/rgpwvd/providers/microsoft.compute/virtualmachines/vwpwvdsh60""],""source"":""VirtualMachines_BrowseResourceBlade""}}"
"VWPWVDSHbp1","DsiProd01","rgpwvd","West Europe","Running","Windows","Standard_D4s_v5"," -","1","{""text"":""Enable periodic assessment"",""blade"":""UpdateCenterUpdateSettingsBlade"",""extension"":""Microsoft_Azure_Automation"",""parameters"":{""ids"":[""/subscriptions/be5ce746-52ca-483a-9c9b-782111a94978/resourcegroups/rgpwvd/providers/microsoft.compute/virtualmachines/vwpwvdshbp1""],""source"":""VirtualMachines_BrowseResourceBlade""}}"
"VWPWVDSHbp2","DsiProd01","rgpwvd","West Europe","Running","Windows","Standard_D4s_v5"," -","1","{""text"":""Enable periodic assessment"",""blade"":""UpdateCenterUpdateSettingsBlade"",""extension"":""Microsoft_Azure_Automation"",""parameters"":{""ids"":[""/subscriptions/be5ce746-52ca-483a-9c9b-782111a94978/resourcegroups/rgpwvd/providers/microsoft.compute/virtualmachines/vwpwvdshbp2""],""source"":""VirtualMachines_BrowseResourceBlade""}}"
"VWPWVDSHbp3","DsiProd01","rgpwvd","West Europe","Running","Windows","Standard_D4s_v5"," -","1","{""text"":""Enable periodic assessment"",""blade"":""UpdateCenterUpdateSettingsBlade"",""extension"":""Microsoft_Azure_Automation"",""parameters"":{""ids"":[""/subscriptions/be5ce746-52ca-483a-9c9b-782111a94978/resourcegroups/rgpwvd/providers/microsoft.compute/virtualmachines/vwpwvdshbp3""],""source"":""VirtualMachines_BrowseResourceBlade""}}"
"VWPWVDSHbp4","DsiProd01","rgpwvd","West Europe","Running","Windows","Standard_D4s_v5"," -","1","{""text"":""Enable periodic assessment"",""blade"":""UpdateCenterUpdateSettingsBlade"",""extension"":""Microsoft_Azure_Automation"",""parameters"":{""ids"":[""/subscriptions/be5ce746-52ca-483a-9c9b-782111a94978/resourcegroups/rgpwvd/providers/microsoft.compute/virtualmachines/vwpwvdshbp4""],""source"":""VirtualMachines_BrowseResourceBlade""}}"
"VWPWVDSHbp5","DsiProd01","rgpwvd","West Europe","Running","Windows","Standard_D4s_v5"," -","1","{""text"":""Enable periodic assessment"",""blade"":""UpdateCenterUpdateSettingsBlade"",""extension"":""Microsoft_Azure_Automation"",""parameters"":{""ids"":[""/subscriptions/be5ce746-52ca-483a-9c9b-782111a94978/resourcegroups/rgpwvd/providers/microsoft.compute/virtualmachines/vwpwvdshbp5""],""source"":""VirtualMachines_BrowseResourceBlade""}}"
"VWPWVDSHbp6","DsiProd01","rgpwvd","West Europe","Running","Windows","Standard_D4s_v5"," -","1","{""text"":""Enable periodic assessment"",""blade"":""UpdateCenterUpdateSettingsBlade"",""extension"":""Microsoft_Azure_Automation"",""parameters"":{""ids"":[""/subscriptions/be5ce746-52ca-483a-9c9b-782111a94978/resourcegroups/rgpwvd/providers/microsoft.compute/virtualmachines/vwpwvdshbp6""],""source"":""VirtualMachines_BrowseResourceBlade""}}"
"VWPWVDSHbp7","DsiProd01","rgpwvd","West Europe","Running","Windows","Standard_D4s_v5"," -","1","{""text"":""Enable periodic assessment"",""blade"":""UpdateCenterUpdateSettingsBlade"",""extension"":""Microsoft_Azure_Automation"",""parameters"":{""ids"":[""/subscriptions/be5ce746-52ca-483a-9c9b-782111a94978/resourcegroups/rgpwvd/providers/microsoft.compute/virtualmachines/vwpwvdshbp7""],""source"":""VirtualMachines_BrowseResourceBlade""}}"
"VWPWVDSHfo1","DsiProd01","rgpwvd","West Europe","Running","Windows","Standard_D4s_v5"," -","1","{""text"":""Enable periodic assessment"",""blade"":""UpdateCenterUpdateSettingsBlade"",""extension"":""Microsoft_Azure_Automation"",""parameters"":{""ids"":[""/subscriptions/be5ce746-52ca-483a-9c9b-782111a94978/resourcegroups/rgpwvd/providers/microsoft.compute/virtualmachines/vwpwvdshfo1""],""source"":""VirtualMachines_BrowseResourceBlade""}}"
"VWPWVDSHfo2","DsiProd01","rgpwvd","West Europe","Running","Windows","Standard_D4s_v5"," -","1","{""text"":""Enable periodic assessment"",""blade"":""UpdateCenterUpdateSettingsBlade"",""extension"":""Microsoft_Azure_Automation"",""parameters"":{""ids"":[""/subscriptions/be5ce746-52ca-483a-9c9b-782111a94978/resourcegroups/rgpwvd/providers/microsoft.compute/virtualmachines/vwpwvdshfo2""],""source"":""VirtualMachines_BrowseResourceBlade""}}"
"VWPWVDSHfo3","DsiProd01","rgpwvd","West Europe","Running","Windows","Standard_D4s_v5"," -","1","{""text"":""Enable periodic assessment"",""blade"":""UpdateCenterUpdateSettingsBlade"",""extension"":""Microsoft_Azure_Automation"",""parameters"":{""ids"":[""/subscriptions/be5ce746-52ca-483a-9c9b-782111a94978/resourcegroups/rgpwvd/providers/microsoft.compute/virtualmachines/vwpwvdshfo3""],""source"":""VirtualMachines_BrowseResourceBlade""}}"
"VWPWVDSHfo4","DsiProd01","rgpwvd","West Europe","Running","Windows","Standard_D4s_v5"," -","1","{""text"":""Enable periodic assessment"",""blade"":""UpdateCenterUpdateSettingsBlade"",""extension"":""Microsoft_Azure_Automation"",""parameters"":{""ids"":[""/subscriptions/be5ce746-52ca-483a-9c9b-782111a94978/resourcegroups/rgpwvd/providers/microsoft.compute/virtualmachines/vwpwvdshfo4""],""source"":""VirtualMachines_BrowseResourceBlade""}}"
"VWPWVDSHfo5","DsiProd01","rgpwvd","West Europe","Running","Windows","Standard_D4s_v5"," -","1","{""text"":""Enable periodic assessment"",""blade"":""UpdateCenterUpdateSettingsBlade"",""extension"":""Microsoft_Azure_Automation"",""parameters"":{""ids"":[""/subscriptions/be5ce746-52ca-483a-9c9b-782111a94978/resourcegroups/rgpwvd/providers/microsoft.compute/virtualmachines/vwpwvdshfo5""],""source"":""VirtualMachines_BrowseResourceBlade""}}"
"VWTWVDSH9","DsiDev01","rgtwvd","West Europe","Stopped (deallocated)","Windows","Standard_D4s_v5"," -","1","{""text"":""Enable periodic assessment"",""blade"":""UpdateCenterUpdateSettingsBlade"",""extension"":""Microsoft_Azure_Automation"",""parameters"":{""ids"":[""/subscriptions/8d6d19d2-d4f8-4542-9421-d59f4257ccc5/resourcegroups/rgtwvd/providers/microsoft.compute/virtualmachines/vwtwvdsh9""],""source"":""VirtualMachines_BrowseResourceBlade""}}"